,id,video,title,description,duration,like_count,timestamp,audio_codec,audio_bitrate,audio_sampling_rate
0,1,https://www.instagram.com/reel/DM2DYuURXAS/?igsh=Z3lzNDZtdDhxeWxn,Video by ridwanhr,"Modifikasi Baic BJ40 Plus kita untuk Roadparty, tentunya bagian bumper depan dari forest dan cargo rack yang sudah di modifikasi oleh @tas4x4 @dito_4x4rescue.

Full videonya tentang Baic BJ40 Plus kita sudah tayang di Youtube Ridwan Hanif.",59.28,7169.0,1754121042.0,mp4a.40.5,63.999,44100.0
1,2,https://www.instagram.com/reel/DMpUrCKxQj5/?igsh=bGh5bTBia2xmZXU4,Video by ridwanhr,"Di @giias_id 2025 juga ada booth yang memperlihatkan Mobil Modifkasi Full Karbon, nah tepatnya di booth @brqindonesia. 

Sekalian buat temen temen yang mau pasang BRQ juga bisa pesan dan tanya kesini saja di Hall 11c C16, karena selama periode GIIAS ini ada promo yang besar sekali. 

Yang tidak sempat ke GIIAS pun masih bisa DM BRQ untuk dapatkan promonya, buruan sebelum kehabisan promonyağŸ˜",93.1,2282.0,1753693478.0,mp4a.40.5,51.388,44100.0
2,3,https://www.instagram.com/reel/DKoahGuRUGB/?igsh=a3plZWs0cWx0ZWRz,Video by ridwanhr,"Alhamdulillah perjalanan One Million Journey menjelang Idul Adha kemarin, kita sampai di Masjid Tengku Razaileigh Hamzah yang dikenal sebagai Masjidil Haram di Gua Musang Malaysia. 

Dan selama overland ini kita siapkan untuk kebutuhan mobil dan kebutuhan kita sebagai overlander, termasuk siapkan Entrostop untuk STOP kejutan diare.",66.618,1940.0,1749368198.0,mp4a.40.5,65.829,44100.0
3,4,https://www.instagram.com/reel/DKZVA8DJq89/?igsh=YXUwbHBnOG5udTJt,Video by superspringid,"The final episode of One Million Journey Borneo 360âœ¨
di hari terakhir menyusuri keindahan pulau Kalimantan Pak @ridwanhr dan Pak @palaseno mampir ke @superspringofficial âœ¨

GPS.id selalu siap senantiasa menemani perjalanan One Million Journey. NEXT STOP? ASEAN! ğŸ¤©",120.116,706.0,1748862401.0,mp4a.40.5,58.185,44100.0
4,5,https://www.instagram.com/reel/DLtizEnyaOn/?igsh=MTIwMmlmZXRyMHl6eg%3D%3D,Video by gadgetins,"TECNO POVA 7 5G! 
Karena spek bagus udh biasa buat TECNO, sekarang waktunya naik level lewat STYLE ğŸ˜ğŸ™ŒğŸ»",138.366,87104.0,1751687866.0,mp4a.40.5,51.818,44100.0
5,6,https://www.instagram.com/reel/DJlxfv8yoVX/?igsh=OWg2OTczd2M1cTNm,Video by gadgetins,"Kapan lagi bisa satu lapangan sama pemain Timnas ğŸ˜†
Dibantu @rizkyridhoramadhani buat cobain vivo V50 Lite #LebihTipisLebihKuat ğŸ™ŒğŸ»",46.92,15617.0,1747131986.0,mp4a.40.5,69.958,44100.0
6,7,https://www.instagram.com/reel/DEl-hhEyCX4/,Video by motomobitv,"Ini tidak boleh dilewatkan, kapan lagi punya kesempatan punya Wuling BinguoEV secara gratis!

Caranya mudah sekali, cukup ikutan kompetisi Your Art Your Icon, sebuah kompetisi ilustrasi pada eksterior BinguoEV dengan tema â€œThe Freedom to Express Yourselfâ€. Kompetisi ini adalah kolaborasi antara @wulingmotorsid dan @j.icaf 

Makanya ayuk ikutan modifikasi Wuling BinguoEV dan bangunkan jiwa-jiwa seni Anda hehehe. Untuk info lebih lengkap silahkan cek @wulingmotorsid dan @j.icaf

#WulingMotors #YourArtYourIcon #BinguoEVxJICAF",50.5,1301.0,1736401225.0,mp4a.40.5,54.511,44100.0
7,8,https://www.instagram.com/reel/DMZ0V5Fpi1j/,Video by motomobitv,"Akhirnyaaa Aletra 001 sampai juga di markas kami. Untuk bonus dashcam berlaku hingga GIIAS 2025. Tidak sabar jadinya pengen ngajak jalan-jalan keluarga, kemana ya enaknya? hmmm.",77.137,6821.0,1753173096.0,mp4a.40.5,76.556,44100.0
8,9,https://www.instagram.com/reel/DKyVUNlpBv-/,Video by motomobitv,"Kelakuan jelek om gendut kalo dijalan sering nguping pembicaraan orang, makanya kami segara pasang Peredam NoiseKILL biar mobil lebih kedap dari suara

Selain itu menggunakan peredam NoiseKILL dapat mengurangi panas didalam kabin dan bisa juga menaikan harga jual mobil karena akan mendapatkan setifikat asli dari NoiseKILL.

Ayo segera pasang NoiseKILL di dealer resmi NoiseKILL",118.965,5272.0,1749700686.0,mp4a.40.5,66.343,44100.0
9,10,https://www.instagram.com/reel/DJ_31q2pmIB/,Video by motomobitv,"Tonton video ini sampai akhir, agar tahu betapa lengkapnya Suzuki Fronx ini @Suzuki_id",68.8,1864.0,1748008357.0,mp4a.40.5,59.587,44100.0
10,11,https://www.instagram.com/reel/DJiHJRXzxEW/,Video by motomobitv,Tiba-tiba ada kesempatan nyobain BRZ balapnya om @fitra.eri di @themandalikagp,88.0,6381.0,1747008940.0,mp4a.40.5,89.536,44100.0
11,12,https://www.instagram.com/reel/DJYt9haJ4uh/,Video by motomobitv,"Ini cukup mengejutkan bagi kami karena interior Suzuki Fronx termasuk mewah dan untuk ukuran mobil kompak @Suzuki_id, ini sih lega. HERAN!",89.9,4680.0,1746693693.0,mp4a.40.5,53.395,44100.0
12,13,https://www.instagram.com/reel/DJGWk0tJwe8/,Video by motomobitv,"Akhirnya kami melihat langsung Suzuki Fronx ini. Kami suka sekali dengan Coupe Style-nya @suzuki_id, tapi dalamnya bagaimana ya? hmmm",63.7,21640.0,1746077531.0,mp4a.40.5,54.241,44100.0
13,14,https://www.instagram.com/reel/DHp-TW1yo-x/,Video by motomobitv,"Segera putuskan untuk beristirahat di Serambi MyPertamina, yang berada di SPBU Pertamina di rest area yang akan anda lewati ketika mudik, apabila anda lelah atau mengantuk. 
Seru sekali di sana.

@MyPertamina
@spbupertamina 
@Pertamina",104.998,2250.0,1742977819.0,mp4a.40.5,54.998,44100.0
14,15,https://www.instagram.com/reel/DHNXNrQyMqc/,Video by fitra.eri,"TRENDING 8!! Episode 2-nya baru saja tayang di channel Motomobi ya. Duh, jadi pengen rendang.",18.5,9789.0,1742017735.0,mp4a.40.5,76.784,44100.0
15,16,https://www.instagram.com/reel/DHNODLIpQ_y/,Video by motomobitv,"Kemarin lagi nunggu buka puasa di Lippo Mall Kemang, eh ngeliat The All-Electric ID. Buzz Long Wheelbase jadi pengen jalan - jalan aja bawaannya, soalnya emang nyaman sekali terus lega juga duduk di dalam, HERAN! Habis ini Volkswagen akan ada di Senayan City sampai tanggal 16 Maret 2025, stay tuned terus di instagram @vwindonesia untuk kejutan-kejutan seru dari ID. Buzz! 

#VolkswagenIDBuzz #IDBuzz #NewBuzzInLife #IDBuzzLWB #Volkswagenindonesia",71.9,2212.0,1742012883.0,mp4a.40.5,55.281,44100.0
16,17,https://www.instagram.com/reel/DHMcfp5zmrx/,Video by motomobitv,Ada yang kerja di weekend ini?,9.966,2278.0,1741986914.0,mp4a.40.5,47.388,44100.0
17,18,https://drive.google.com/file/d/12YBpn9zWc_3FfDadbmlip4s98_GjqUGY/view?usp=share_link,2025-07-30_11-35-03_UTC.mp4,,51.0,,,,,
18,19,https://www.instagram.com/reel/DDUjYZUzgmI/,Video by alyssadaguise,my go-to skin prep before bed with @pondsindonesia âœ¨ğŸ©·,33.764,34809.0,1733668994.0,mp4a.40.5,70.71,44100.0
19,20,https://www.instagram.com/reel/DF0LwJfzPPv/,Video by alyssadaguise,"Super thrilled to share this experience with you all! A special chit-chat sesh with the Captain America: Anthony Mackie on suiting up, stepping into the shield, and whatâ€™s next for the MCU! ğŸ‡ºğŸ‡¸âœ¨ 

Definitely down to catch â€œCaptain America: Brave New Worldâ€ in cinemas next week! ğŸ¿

Outfit: @dior",180.0,164137.0,1739025483.0,mp4a.40.5,58.238,44100.0
20,21,https://drive.google.com/file/d/1ymuQGbpxBhsDT62QSXfa6R1067HMAJlS/view?usp=share_link,2025-08-07_06-19-04_UTC.mp4,,54.0,,,,,
21,22,https://www.instagram.com/reel/DGdDelfzAwD/,Video by alyssadaguise,Had such an incredible time exploring the technology behind SKINTIFICâ€™s complexion line at their lab in Korea! ğŸ©µ definitely learned a lot too!,170.133,8843.0,1740396800.0,mp4a.40.5,97.792,44100.0
22,23,https://drive.google.com/file/d/17YcFgqkUgJNK0QRSYzS3TCNl4forkLY9/view?usp=share_link,2025-08-05_12-58-28_UTC.mp4,,43.0,,,,,
23,24,https://www.instagram.com/reel/DL4sfh7PK_y/,Video by taniaanglt,"Serba salah yaa, emang gaboleh fokus ke satu masalah ajaa ğŸ˜­ğŸ«µğŸ»",55.6,3422.0,1752061738.0,mp4a.40.5,74.644,44100.0
24,25,https://www.instagram.com/reel/DM7oir8PMUG/,Video by taniaanglt,kayanyaa masi kurang yaaa ^^ #sunscreenterbaik #sunscreenviral #sunmazing #AlwaysOn,48.646,3332.0,1754307717.0,mp4a.40.5,75.638,44100.0
25,26,https://drive.google.com/file/d/12YBpn9zWc_3FfDadbmlip4s98_GjqUGY/view?usp=share_link,2025-07-30_11-35-03_UTC.mp4,,51.0,,,,,
26,27,https://drive.google.com/file/d/12YBpn9zWc_3FfDadbmlip4s98_GjqUGY/view?usp=share_link,2025-07-30_11-35-03_UTC.mp4,,51.0,,,,,
27,28,https://drive.google.com/file/d/12YBpn9zWc_3FfDadbmlip4s98_GjqUGY/view?usp=share_link,2025-07-30_11-35-03_UTC.mp4,,51.0,,,,,
28,29,https://www.instagram.com/reel/DLTsRcnTYOy/,Video by bodimax.idn,"Q&A Session bareng @ibnujamilo ğŸ‰ğŸ¥³

Waaah!!! Ada HADIAH TREADMILL? Apa tuh ya? Simak videonya sampai habis ya Max!

Dapatkan sekarang juga!

Website : www.bodimax.co.id (+Extra Discount)
Tokopedia : Bodimax Official
Shopee : Bodimax Official Shop
Blibli : Bodimax Official Store
Tiktok : Bodimax Official
Tiktok : Bodimax Indonesia

#bodimax #bodimaxindonesia #homegym #alatolahraga #olahragaindonesia #otot #ototpaha #ototbetis #ototkaki #otottangan #fullbodyworkout #treadmill",90.033,446.0,1750820107.0,mp4a.40.5,59.595,44100.0
29,30,https://www.instagram.com/reel/DJvbFIVvlxT/,Video by ibnujamilo,"Salam quota asing ğŸ«¡ğŸ’ª

#jamilosjourney",67.3,7283.0,1747455623.0,mp4a.40.5,75.24,44100.0
30,31,https://www.instagram.com/reel/DNAirf9Pqyy/,Video by ibnujamilo,"Main PS pakai Real Madrid rasa MU = Push up 20 kali ğŸ˜‚

Tapi no problemo yang penting gw nggak salah pilih shampo @clearindonesia untuk merawat kulit kepala gw dari ketombe. Jadi, mau kalah dan push up berapa kali, seperti scalp barier gw, tahan banting! sikat jon..

#clearlytahanbanting #hairnerdsstudio",57.748,24887.0,1754472637.0,mp4a.40.5,65.489,44100.0
31,32,https://www.instagram.com/reel/DMXTZgrPSvm/,Video by sport77official,"Prediksi para pengamat terbaik jelang laga Indonesia kontra Malaysia ğŸ˜

Punya prediksi lain? Tulis di kolom komentar ğŸ‘‡

#MoreThanJustAGame
#TifosiRexona
#LanjutTerus",26.517,472.0,1753088645.0,mp4a.40.5,52.704,44100.0
32,33,https://www.instagram.com/reel/DMzRtsgS7CM/,Video by moladin_id,"Kali ini kita berkesempatan untuk langsung ajak Jaecoo J7 SHS tes nanjak bareng model-model hybrid lain sebagai perbandingan. Sensasinya cukup berbeda lantaran J7 SHS ini merupakan Plug-in Hybrid. Terbukti, kinerja motor listriknya dapat lebih mendominasi di berbagai kondisi bahkan saat melibas tanjakan curam sekalipun!

Eits, tapi tesnya bukan itu aja. Penasaran sama pengujian yang lebih lengkap? Simak aja review-nya di channel Moladin, okay!",73.677,185.0,1754027358.0,mp4a.40.5,62.351,44100.0
33,34,https://www.instagram.com/reel/DJWYRiby-cY/,Video by moinspeksi,"Bukan fisik kendaraannya aja yang harus diperiksa menyeluruh, kita perlu juga identifikasi keaslian surat-suratnya. Salah satunya untuk menghindari risiko surat-surat palsu baik itu pemalsuan dokumen BPKB atau informasi di dalamnya. 

Biar gak repot periksa unit seken, kontak aja tim MoInspeksi di 082211115802 atau kunjungi @moinspeksi untuk informasi lengkapnya!

#moladin #bpkbpalsu #inspeksimobil #tipstipistipis",91.666,422.0,1746615958.0,mp4a.40.5,55.376,44100.0
34,35,https://www.instagram.com/reel/DI1C7yEBiqe/,Video by moladin_id,"Kali ini kami melakukan pengujian untuk berbagai model hybrid elektrik. Dari Toyota Kijang Innova Zenix HEV dengan balans baik antara performa dan efisiensi, Hyundai Tucson HEV yang sajikan output tenaga ekstra, dan si unik Nissan Serena e-POWER sebab teknologinya ibarat mobil listrik dengan genset. 

Lampung jadi tujuan utama di mana ketiga mobil dioperasikan secara bersamaan dalam sikap berkendara yang relatif santai. Selain itu, bobot penumpang juga disamakan dan kami pun bergantian mobil untuk mendapatkan hasil pengujian se-fair mungkin. 

Kira-kira mana yang paling irit?

#moladin #reviewmobil #hybrid #tesmobil",90.033,224.0,1745496859.0,mp4a.40.5,64.767,44100.0
35,36,https://www.instagram.com/reel/DHdsmZEyc94/,Video by moladin_id,"Kalau mau mobil keluarga yang kabinnya serba praktis, leluasa buat bergerak, dan nyaman rasanya gak salah banget untuk lirik model MPV beratap tinggi macam Nissan Serena e-Power yang lagi kita bawa, nih! Ruang melimpah, visibilitas bebas, dan fitur pendukung yang family oriented bikin jalan semakin nikmat. Tapi tentu ada kekurangannya seperti suspensi yang tidak setinggi atau dengan gerak sebebas MPV lain meski terbilang nyaman.

Tapi gimana, nikmat lah ya kalau bawa keluarga naik MPV seperti ini?

ğŸ“¹ @ritzkarim 

#moladin #reviewmobil #nissanserena",70.7,410.0,1742566045.0,mp4a.40.5,65.818,44100.0
36,37,https://www.instagram.com/reel/DF1kmTKSWHf/,Video by moladin_id,"Michael pastikan inspeksi tim Moinspeksi apakah sesuai ekspektasi? Mobil dicek, ada indikasi karat di kolong jok, tapi setelah dicek, mobil bebas banjir dan tabrak. Hasil report dari tim Moinspeksi akhirnya sesuai ekspektasi! mobilnya bebas banjir dan bebas tabrak! Jadi, nggak perlu repot-repot datang jauh-jauh dan ternyata nggak sesuai harapan. Mau #DijaminAman Langsung aja cek website Moladin, yang punya listing mobil bekas yang sudah diinspeksi dari dealer-dealer terverifikasi. kalau mau lebih pasti, bisa kontak tim Moinspeksi, cukup dengan 100 ribu, Anda bisa inspeksi mobil incaran!

#moinspeksi #jualbelimobilbekas #mobilbekasberkualitas #mobilbekasdijual #mobilbekas #moladin",77.233,229.0,1739071968.0,mp4a.40.5,58.981,44100.0
37,38,https://www.instagram.com/moladin_id/reel/DH0pH5vSZQy/,Video by moladin_id,"Mesti ekstra hati-hati ketika memilih jalur contraflow saat mudik. Soalnya akan ada hal yang berbeda dari cara berkendara di jalur biasanya. Misal terkait pembagian jalur cepat dan lambat, jalur menyusul, titik keluar rest area, dan lainnya. Pastikan tidak salah posisi guna meminimalisir risiko celaka!

ğŸ“¹ @budyandaka 

#moladin #mudiklebaran #tipstipistipis",34.766,5989.0,1743337622.0,mp4a.40.5,51.064,44100.0
38,39,https://www.instagram.com/moladin_id/reel/DKcEvw-yNJd/,Video by moladin_id,"Setelah mengumumkan eksistensinya, Xpeng mulai tampilkan lini produk mereka yang bakal hadir di Indonesia. Salah satunya Xpeng X9, sebuah MPV besar bertenaga listrik dengan segudang fitur canggih! Tampaknya ia dapat menjadi alternatif baru di segmen MPV premium, nih. Tinggal kita tunggu pengumuman harga resminya. Kira-kira akan sekompetitif apa, ya?

Kalau penasaran sama review lengkapnya, pantengin aja channel Moladin, okay!

ğŸ“¹ @ritzkarim 

#moladin #mobilbaru #xpengx9",95.038,355.0,1748954622.0,mp4a.40.5,57.812,44100.0
39,40,https://www.instagram.com/reel/DMP4bB4JTMv/?igsh=MWJxM2wxNGVpaGI1dA==,Video by otodriver_,"Lexus RX500h F-Sport+ hadir dengan kombinasi performa hybrid turbo, desain sporty, dan kemewahan khas Lexus.
Inilah 5 hal menarik yang membuat SUV premium ini begitu istimewa dan reliable.

Simak video tes lengkapnya di YouTube OtoDriver!

#Otodriver #LexusRX500h #FSport+ #LexusIndonesia #LuxurySUV",96.7,4621.0,1752840198.0,mp4a.40.5,56.884,44100.0
40,41,https://www.instagram.com/reel/DKlkEsmSp2m/?igsh=bnd3MnYyY3g0ZXZ4,Video by fitra.eri,"Ngobrol langsung sama Nyck de Vries, pembalap Formula E yang udah akrab banget sama Kota Jakarta.

Jangan lewatkan kesempatan untuk menyaksikan Nyck dan pembalap lainnya di Jakarta E-Prix 2025. Beli tiketnya di: https://jakartaeprix.goersapp.com/

See you at the race!
#JakartaEPrix2025 #FormulaE",72.051,3369.0,1749272410.0,mp4a.40.5,72.642,44100.0
41,42,https://www.instagram.com/reel/DI50BT5y4Hb/?igsh=MTViNHhxejBhZnl3dg==,Video by fitra.eri,"Baru kali ini sedeket itu sama mobil terbalik. Ya, ini adalah rollover test yang dilakukan Chery untuk memastikan tingkat keselamatan tinggi di produknya.

Bedanya, tes kemarin dilakukan langsung secara live di depan ratusan jurnalis dari seluruh dunia. Lebih seru dibandingkan nonton konser.",72.6,27300.0,1745657013.0,mp4a.40.5,65.576,44100.0
42,43,https://www.instagram.com/reel/DE1HlaaS03V/?igsh=MTNyd2J6OGpzbXhqMg==,Video by fitra.eri,"Donasi dari Anda semua sudah kami serahkan. Anda yang lain juga bisa ikut membantu pembangunan masjid yang diinisiasi kawan-kawan kita dari Indonesia ini, dan semoga menjadi amal jariyah bagi kita semua. Aamiin.

Detail untuk donasi ada di akhir video. Anda juga bisa menyumbang ke rekening berikut:

BSI - 1111202164
BRI - 0073 01 037992 53 6
BNI - 180 795 9510
Semua atas nama Yayasan Assholihin Yokohama Indonesia",88.965,36515.0,1736909717.0,mp4a.40.5,78.338,44100.0
43,44,https://www.instagram.com/reel/C85yjQUSK3w/?igsh=MXIxd2hneXNlZDV1cQ==,Video by fitra.eri,"Padahal Ioniq 5 ini mobil yang paling sering jalan, eh malah pajaknya nol di 2024 ğŸ˜. Serasa dikasih fasilitas jalan gratis sama pemerintah.

Tahun lalu masih bayar sekitar Rp 1 jutaan. Normalnya kalau tidak ada keringanan, mustinya pajak mobil ini di kisaran Rp 10-12 juta per tahun, belum termasuk progresif DKI.",24.733,24553.0,1719886476.0,mp4a.40.5,86.163,44100.0
44,45,https://www.instagram.com/reel/C7rBV9xySyp/?igsh=MWpldno4ZXpzdXEwMA==,Video by fitra.eri,"Satu-satunya mobil listrik yang berani ikutan Nurburgring 24 Hours Drift Show.

#HyundaiN #NeverJustDrive #HighperformanceEV #IONIQ5N

@hyundaimotorindonesia @hyundai_n_worldwide @hyundai_asean",52.933,13536.0,1717243162.0,mp4a.40.5,77.507,44100.0
45,46,https://www.instagram.com/reel/C_XMt92y79O/?igsh=NXl4Z3J0cjR2ZHhp,Video by fitra.eri,Fakta menarik tentang RWB. Video lengkap dan test drive-nya sudah tayang di channel Fitra Eri.,116.166,14259.0,1725167987.0,mp4a.40.5,75.606,44100.0
46,47,https://www.instagram.com/reel/C96dU_ESVLA/?igsh=MXRoOHljMm5mNDRsNQ==,Video by fitra.eri,"Yuk hidup lebih sehat dengan merawat mobil kita dan menjaga tubuh kita agar terhindar dari debu dan polusi, salah satunya dengan pilih air mineral yang sudah terjamin higenis seperti Le Minerale.

#LeMinerale #LeMin #MineralEsensial #KebaikanMineralTerlindungi",89.033,6306.0,1722056390.0,mp4a.40.5,68.745,44100.0
47,48,https://www.instagram.com/reel/C3pEeaaS7oG/?igsh=azlzYWJpbjR2eGc1,Video by fitra.eri,"Maafkan timbangan Hello Kitty-nya ğŸ˜‚. Tapi HSR FE-04 Midnight berbahan Magnesium ini memang luar biasa enteng dan kokoh. Ukurannya sendiri dibuat sama persis dengan velg standar. Hebat @hsr_wheel sudah bisa membuat velg berteknologi tinggi yang akan saya pakai untuk event Track Day.

Lebih bangga lagi karena velg ini hanya diproduksi 1 set saja untuk Type R saya.",68.033,24642.0,1708587823.0,mp4a.40.5,73.378,44100.0
48,49,https://www.instagram.com/reel/C3ZwNdMS3F8/?igsh=dm5xY2l0cG5rcDF3,Video by fitra.eri,"Tidak hanya pemerintah, Otoproject ikut mendukung pertumbuhan mobil listrik dengan menghadirkan diskon di setiap pemasangan karpet lokal terbaik Maxmat 7D!

Khusus Anda pemilik mobil listrik atau EV, sekarang sudah tidak perlu khawatir lagi tentang kebersihan di dalam mobil. Otoproject memberikan banyak kelebihan dan kenyamanan melalui karpet Maxmat 7D-nya, yang selama ini telah hadir untuk ratusan mobil di Indonesia.

Perlindungannya menyeluruh, mudah dibersihkan, dibuat dari bahan berkualitas sehingga akan melindungi lantai mobil kalian dengan baik. Tampilan interior mobil juga ter-upgrade, dikarenakan desainnya yang stylish, polanya yang rapi, dan tentunya Anda bisa memilih banyak variannya.",80.366,3296.0,1708073768.0,mp4a.40.5,76.406,44100.0
49,50,https://www.instagram.com/reel/DHuzjz-yZON/?igsh=MWViYjBtbDg4bGEwcQ==,Video by fitra.eri,"Posko Mudik Dunlop is back! Saya ikutan jadi salah satu mekaniknya kemarin. 

Bagi Anda yang lagi mudik dan melewati jalur tol Cikampek, jangan lupa periksakan kondisi ban Anda ke Posko Mudik Dunlop di rest area KM 57A tol Cikampek, karena di sana ada promo menarik & aktivitas berhadiah dari Dunlop & Dear Me Beauty!

Info lebih lanjut, cek Instagram @dunloptyresid",118.566,4622.0,1743139922.0,mp4a.40.5,63.394,44100.0
50,51,https://www.instagram.com/reel/DK4vdrmvgWA/,Video by hudabeauty,"@tasyafarasya tested our new Lip Contour Stains + Lip Oils over burgers, and the results? ğŸ’¯. Her go-to combo? ğŸ§¸ Soft Nude + ğŸ‘ Juicy Peach.
Wanna be the first to try? Hit the link in bio to sign up; full collection dropping June 23rd ğŸŒ",272.433,83452.0,1749915880.0,mp4a.40.5,51.535,44100.0
51,52,https://www.instagram.com/reel/DK9fYkVz-pW/,Video by tasyafarasya,untung ada ariul jd idup ini lebih mudahğŸ™ƒ,61.0,7027.0,1750075100.0,mp4a.40.5,67.103,44100.0
52,53,https://www.instagram.com/reel/DMhKJSaTSRf/,Video by tasyafarasya,AKHIRNYAAAAA!!!!! Gausah di rahasiain lagi skrg ğŸ¥¹ğŸ¥¹ ini alasan bibir aku bisa slalu keliatan plumpy juicy glossy!,85.705,10974.0,1753419409.0,mp4a.40.5,56.064,44100.0
53,54,https://www.instagram.com/reel/DAr7Shbz01_/,Video by tasyafarasya,produk yang aman buat eksfoliasi tiap hari nih guys! ğŸ™‚ğŸ™‚,143.4,11550.0,1728010800.0,mp4a.40.5,81.907,44100.0
54,55,https://www.instagram.com/reel/DFZNh3Gz4pv/,Video by tasyafarasya,"GWS NEW SHADES ARE HERE!!!ğŸ¦‹ @mop.beauty 

Sesuai keinginan kalian, G.W.S Plump Gloss akhirnya punya 2 shade baru yaitu choco loco & rosy posy. Ga cuma itu, packagingnya juga ganti pearlized jd ga ngelotok-ngelotok lagi!!!ğŸ¥¹ğŸ¦‹

Bisa dibeli mulai besok 30 Januari 2025 secara online di official store MOP dan exclusive offline di @beautyhaulofficial store 

LuvvvvğŸ¦‹ğŸ¦‹ğŸ¦‹",81.166,7412.0,1738120289.0,mp4a.40.5,77.977,44100.0
55,56,https://www.instagram.com/reel/DG0miMMTIRb/,Video by tasyafarasya,"glad2glow tuh foundation menyamar jadi cushion gak sieeehhhh???? soalnya high coverage banget, dipake tipis aja udah cukup",78.633,8810.0,1741186800.0,mp4a.40.5,69.91,44100.0
56,57,https://www.instagram.com/reel/DGW9kcAz5DN/,Video by tasyafarasya,Spill softlens spill softlens spill softlens!!! Okey ini bener2 rahasia mata cantik akuğŸ¥¹ girlies dont gatekeep. Mana yg paling cocok di akuuu???,122.933,9531.0,1740192537.0,mp4a.40.5,66.626,44100.0
57,58,https://drive.google.com/file/d/1-OawfKdJ7ozcradDR4rxu4QCWtd93qY5/view?usp=share_link,2025-03-22_00-26-06_UTC.mp4,,45.0,,,,,
58,59,https://drive.google.com/file/d/1UI8IJ19DQkZuTaUtLVtAI19jGMIDJuO_/view?usp=sharing,2025-03-26_20-55-30_UTC.mp4,,50.0,,,,,
59,60,https://drive.google.com/file/d/1nbo5CnW50clco9ZFd6AE4R6KUwPTYpLA/view?usp=share_link,2025-07-08_11-50-35_UTC.mp4,,40.0,,,,,
60,61,https://drive.google.com/file/d/1c_1boySTaI5v-wbdEknkClIcsC7emkyC/view?usp=share_link,2025-07-30_11-54-59_UTC.mp4,,88.0,,,,,
61,62,https://drive.google.com/file/d/1WVED72q_6g4WpDZqMo0IxDVnNSU6Dho6/view?usp=share_link,2025-08-02_03-41-23_UTC.mp4,,35.0,,,,,
62,63,https://drive.google.com/file/d/119B50bkS2zi3gTynJmDDzhs-1SAvI_FO/view?usp=share_link,2025-08-07_10-15-50_UTC.mp4,,45.0,,,,,
63,64,https://drive.google.com/file/d/1QeVhYOzQQzWvmASX097fx9-xgSL8aYa9/view?usp=sharing,2024-09-28_05-17-24_UTC.mp4,,84.0,,,,,
64,65,https://drive.google.com/file/d/1GrQmRkI5yNi6dRxBzSH2qvn1U8402Ah7/view?usp=sharing,2024-11-25_16-56-59_UTC.mp4,,45.0,,,,,
65,66,https://drive.google.com/file/d/1jqczoDbEO2obyGra2bu7jwDcRgSOc4EW/view?usp=sharing,2025-02-09_15-48-11_UTC.mp4,,57.0,,,,,
66,67,https://drive.google.com/file/d/16crPLW1l8Azp8EfeujohBtCOsdEcl3Qj/view?usp=sharing,2025-07-24_04-00-00_UTC.mp4,,52.0,,,,,
67,68,https://drive.google.com/file/d/1hcdeL3zzC9e_9quh-eiZoBPpcuJwfqfi/view?usp=sharing,2025-07-26_05-55-21_UTC.mp4,,118.0,,,,,
68,69,https://drive.google.com/file/d/10GXeqRPj5VjASvJUEoqiLjh7YFKilp6W/view?usp=sharing,2025-07-26_14-07-42_UTC.mp4,,70.0,,,,,
69,70,https://drive.google.com/file/d/1ATqtIf4KqJYkRafQBVI3ESNlHHbR0W15/view?usp=sharing,2025-07-27_04-58-43_UTC.mp4,,54.0,,,,,
70,71,https://drive.google.com/file/d/1PRC9-PllLNjuA6E070mqKYmOW7xnTT6e/view?usp=sharing,2025-07-27_08-14-10_UTC.mp4,,55.0,,,,,
71,72,https://drive.google.com/file/d/1uKt0ZxUDJREefKMGeMMsaS3_IWOC3P1o/view?usp=sharing,2025-07-29_14-15-45_UTC.mp4,,60.0,,,,,
72,73,https://drive.google.com/file/d/1YLZL1FogofxtQ1zJKcVNjTSxCKTN6jXz/view?usp=drive_link,HDD tapi Kok Ga Sesuai Specs .mp4,,30.0,,,,,
73,74,https://drive.google.com/file/d/1UB8tXY1CEoU1E3JuvqR6HSIHzT9cVAvH/view?usp=drive_link,Huawei yg worth it cuma ini#shopeexyoutubeshopping1jt.mp4,,47.0,,,,,
74,75,https://drive.google.com/file/d/1nw_h5-2cBUKGVYQ-bvYKcGlGNMNU0Ace/view?usp=drive_link,Jeb0lin Jendela T3tangga.mp4,,133.0,,,,,
75,76,https://drive.google.com/file/d/1j8J2v9fRDJV7_BPiDCq50SEGbuErKV99/view?usp=drive_link,Laptop Murah Buat Valorant.mp4,,72.0,,,,,
76,77,https://drive.google.com/file/d/19V-AnERnUCKVbRmFM1U9UGmV7DagQFhL/view?usp=sharing,Legion GO + Monitor USB-C.mp4,,84.0,,,,,
77,78,https://drive.google.com/file/d/16SaYRXtDM9dBkgy9c0esEkPw_UNpMLF5/view?usp=sharing,Main Game Di TV Kok Ngeblur .mp4,,103.0,,,,,
78,79,https://drive.google.com/file/d/1Z1dQGUr1PjpzPrtCS1mdNnJ54kaks3RA/view?usp=sharing,Mamp0es Tukang Goreng.mp4,,98.0,,,,,
79,80,https://drive.google.com/file/d/1qafYENW_uZGnahRbSTvb3iOYv01wYmm5/view?usp=sharing,"Monitor 180Hz, Kok Ga Smooth Ya â‰ï¸.mp4",,49.0,,,,,
80,81,https://drive.google.com/file/d/15hAOu9ZkqsMUx6-Zk-jN3OC_vm-4kaig/view?usp=sharing,Putih dan Sexy.mp4,,66.0,,,,,
81,82,https://www.instagram.com/reel/DBYfWZ9y-KV/?igsh=MWo1NzlnbTYzdTQycA==,Video by nyan.tech,"Jadi kapan nih iPhone 16 masuk ke Indo woii lahh ??!!
___
#iphone #iphone16 #iphone16series #iphoneindonesia #apple #iphone15 #iphoneaccessories #hape #phone #phonetok #smartphone #snapsys #snapsysreload #tech #gadget #electronic #nyantech #reels",100.236,314.0,1729506180.0,mp4a.40.5,65.408,44100.0
82,83,https://drive.google.com/file/d/16WW1YRA0NtmMptCht5jS6Ya7nWdNrRcg/view?usp=drive_link,Amelia Fransisca_DJZUGU6yJEL.mp4,,100.0,,,,,
83,84,https://drive.google.com/file/d/1kzfBs5I_n0a0yCwEh5PdNY5GgLqQRcez/view?usp=drive_link,Amelia Fransisca_DLzyFYVSAfu.mp4,,86.0,,,,,
84,85,https://drive.google.com/file/d/10ETQNxneJf4Q185_btWMVVZz1n3CBwp5/view?usp=drive_link,Amelia Fransisca_DMmLUPEpL9B.mp4,,74.0,,,,,
85,86,https://drive.google.com/file/d/1rMIe5I873yBTKrmAlSZTjUoV4eZkZhas/view?usp=drive_link,B-ZONE (BADMINTON HALL)_DDuR9mEy2Ra.mp4,,45.0,,,,,
86,87,https://drive.google.com/file/d/1k3qHBJISNZIr2N_uhRGZK5b4CP5JfaIv/view?usp=drive_link,COZMEED OFFICIAL ï½œ COZMEEDER_DHfZQX2u21S.mp4,,47.0,,,,,
87,88,https://drive.google.com/file/d/1scUxliWkEMlJAtMjyX4_zf1hpTzc-11m/view?usp=drive_link,Dio ï½œ Tips Badminton_DAdv0PuyzEu.mp4,,21.0,,,,,
88,89,https://drive.google.com/file/d/1wCIyDhTVr-SO6Z6hY5XMdn-gEgmRcamD/view?usp=drive_link,GOFIT Indonesia_DDBwhVwJD7i.mp4,,34.0,,,,,
89,90,https://www.instagram.com/otomotif_tv/reel/DMWrRymh0tx/,Video by aant_otomotif,"Ini adalah Honda CB650R, moge yang pengoperasian giginya kayak motor bebek bisa tinggal injak dan congkel tanpa perlu menarik tuas kopling. 

Bisa begitu karena dibekali teknologi Honda E-Clutch. Memudahkan banget dan bikin lebih nyaman.

.
.
#otomotif #motorcycle #motorbaru #reels #reelsinstagram #reelsvideo #bigbike #honda #cb650r #hondacb650r #eclutch #supra",71.6,7172.0,1753067825.0,mp4a.40.5,76.527,44100.0
90,91,https://www.instagram.com/otomotif_tv/reel/DLlwAYFhEDG/,Video by aant_otomotif,"Mengamati Yamaha R25 generasi terbaru, salah satu yang tidak berubah adalah panel sakelarnya, masih sama dan tetap tergolong sederhana seperti generasi pertama dan kedua. 

Untuk di kelasnya, milik R25 ini bisa dibilang yang paling tidak neko-neko, murni menyajikan tombol yang diperlukan saja. Simpel!

.
.
#otomotif #motorcycle #motorbaru #reels #reelsinstagram #reelsvideo #yamaha #r25 #yamahar25 #250 #r25indonesia",58.033,2979.0,1751426124.0,mp4a.40.5,82.133,44100.0
91,92,https://www.instagram.com/otomotif_tv/reel/DJtG-oUylM-/,Video by dimaspopo_,"Yamaha Gear Ultima 125 Hybrid masih pakai kunci colok-colok,.tapi tetap dikasih answer back system. Bentuknya remote yang terpisah dari anak kuncinya. Gimana menurut kalian? fungsional gak sih?

#yamaha #yamahaindonesia #yamahagear #yamahagear125 #yamahagear125ultima #yamahagearhybrid #fazzio #grandfilano #beat #hondabeat #vario #yamahafreego #motorbaru #motorbaruyamaha #hondabeatindonesia #hondabeatstreet",39.1,257.0,1747378066.0,mp4a.40.5,81.484,44100.0
92,93,https://www.instagram.com/otomotifweekly/reel/DMWrRymh0tx/,Video by aant_otomotif,"Ini adalah Honda CB650R, moge yang pengoperasian giginya kayak motor bebek bisa tinggal injak dan congkel tanpa perlu menarik tuas kopling. 

Bisa begitu karena dibekali teknologi Honda E-Clutch. Memudahkan banget dan bikin lebih nyaman.

.
.
#otomotif #motorcycle #motorbaru #reels #reelsinstagram #reelsvideo #bigbike #honda #cb650r #hondacb650r #eclutch #supra",71.6,7172.0,1753067825.0,mp4a.40.5,76.527,44100.0
93,94,https://www.instagram.com/jagat.review/reel/DM9aQ7jxWd-/,Video by jagat.review,"Mau meningkatkan kualitas hasil foto dan video supaya konten jadi lebih baik? 
Sebelum mulai bermain dengan Lighting, perhatikan video ini dulu.
Ini adalah awal dari seri fotografi/videografi bersama Donovan, seorang commercial photographer.",119.49,622.0,1754367500.0,mp4a.40.5,67.975,44100.0
94,95,https://www.instagram.com/jagat.review/reel/DMUJzKiR8WN/,Video by jagat.review,"OPPO Reno 14 Pro 5G, semua kamera 50MP, semua kamera Auto Focus, semua kamera bisa merekam 4K 60 FPS!

foto-foto malam bukan masalah karena  sudah dilengkapi dengan AI Flash Photography, jadi low light pun tetap aman dan ada juga AI Recompose.

HP ini menggunakan SoC Dimensity 8450, dipakai main game berat juga lancar. Dimensinya tidak terlalu tebal dan cukup ringan, walau  frame metal, back cover kaca, dan baterainya besar di 6200 mAh.

@OPPOIndonesia
#OPPOReno14Series
#GlowInAFlash",54.59,923.0,1752982988.0,mp4a.40.5,57.359,44100.0
95,96,https://www.instagram.com/jagat.review/reel/DMRsIjVxA4J/,Video by jagat.review,"Xiaomi Mijia AC Pro Eco 5-Star 1 PK Inverter ini sudah dilengkapi dengan AI Energy Saving sehingga daya yang dikeluarkan AC nya akan disesuaikan dengan kebiasaan pengguna, sehingga akan lebih hemat daya. 

AC ini juga dilengkapi  dengan  inverter yang sudah tersertifikasi CSPF hingga 5.74 dan mempunyai efisiensi energi hingga bintang 5. AC ini juga bisa dikontrol melalui smartphone, jadi mempermudah penggunanya.

Garansi AC 3 Tahun, Kompresor 10 Tahun. After Sales diurus langsung sama Xiaomi Indonesia. Tunggu review lengkapnya di Youtube Jagat Review.

#xiaomi
@xiaomi.indonesia",74.258,235.0,1752900369.0,mp4a.40.5,63.615,44100.0
96,97,https://www.instagram.com/jagat.review/reel/DKL5mX2Sdi3/,Video by jagat.review,"Harga Rp 900 ribuan, tapi layarnya 90 Hz, tahan air IP54, dan punya banyak fitur smartphone yg lebih mahal! Ada smartphone seperti itu? Ada! Ini itel A90! Murah, tapi sama sekali gak murahan! Bahkan, itel juga ngasih bonus power bank dan garansi 24 bulan untuk smartphone ini!

#ItelA90",70.5,1625.0,1748411140.0,mp4a.40.5,58.23,44100.0
97,98,https://www.instagram.com/jagat.review/reel/DIxchZfIBBj/,Video by jagat.review,"Polytron FlexUp 5in1 dengan Flexible Cooling System ini mempunyai 5 mode pendinginan,
Kalau membutuhkan space yang lebih besar, bisa ubah kompartemen freezer jadi mode yang dibutuhkan.
Space jadi 30% lebih besar

Review lengkapnya bisa kamu lihat di channel YouTube Jagat Review.

#FlexUp #polytron",61.8,548.0,1745375958.0,mp4a.40.5,66.269,44100.0
98,99,https://drive.google.com/file/d/14AK_pf1gN1Tiesh4LtrO3AWtP-fuS-dd/view?usp=sharing,"Tips main basket buat pemula ala Jeki! ğŸ€ğŸ’ª Latihan dasar dulu ya, guys. Basic training itu pent.mp4",,47.0,,,,,
99,100,https://drive.google.com/file/d/19DN24hfiZdBYnIev8U9DTvsE70FjmhSF/view?usp=sharing,TUTORIAL JUMP START ALA ATLET RENANG DARI START BLOCK! ğŸŠğŸ»â€â™‚ï¸ğŸ¬ğŸ’¨.mp4,,63.0,,,,,
100,101,https://drive.google.com/file/d/1DtF-9-m3T2BmkMbxZOyW0mocKSyK69zW/view?usp=sharing,Di video kali ini Xplod Sports Tutorial Padel Indonesia akan menberikan tips untuk melakukan Wal.mp4,,240.0,,,,,
101,102,https://drive.google.com/file/d/1etsHQdM46Ah4UsNm8uyIL08w4otU9slH/view?usp=sharing,Olahraga gak ada hasilnya! âŒâ‰ï¸Jangan salahin olahraga di rumah. Emangnya kalo punya membership g.mp4,,80.0,,,,,
102,103,https://drive.google.com/file/d/1RzNIT_4ZJl3hw41qI8aSdyQdqsaTApKk/view?usp=sharing,Pengen dapetin muscle up pertama Ini caranya!Btw cara di video ini berdasarkan pengalaman pribad.mp4,,38.0,,,,,
103,104,https://drive.google.com/file/d/1AEpkz8RUfM_2XjSY-nKsXqK7CJH0caOR/view?usp=sharing,"Test kekuatan dan keseimbangan badan!Berani coba Komen ya bisa atau engga, let's gooooğŸ”¥#test #b.mp4",,41.0,,,,,
104,105,https://drive.google.com/file/d/1ko19DG40GCqyfPWK7jXtkKMMFhtvHCKr/view?usp=drive_link,Cara mulau workout punggung di rumah-kos dengan 1 alat iniRowsPull DownFace PullHammer CurlsLaku.mp4,,66.0,,,,,
105,106,https://drive.google.com/file/d/17er5r8aKyE_DU1IgUXOPi2r6PigAXONS/view?usp=sharing,"Cara angkat galon yang benar, jangan sampe salah!Kalo kalian biasanya gimana cara angkatnya Atau.mp4",,75.0,,,,,
106,107,https://drive.google.com/drive/u/7/folders/1gtVlXrcEb9ApSc7YGvod5ADHpW4E-Cxe,,,,,,,,
107,108,https://drive.google.com/file/d/1PMDBY0C5oekMhFDm2KcR2jLjdgonZ2Bi/view?usp=sharing,Cara mulau workout kaki di rumah-kos tanpa alat!Bodyweight SquatReverse LungesGlute BridgeOne le.mp4,,61.0,,,,,
108,109,https://drive.google.com/file/d/1ElvqnnKfMLU8pZyKKs_CMxwGts2O770v/view?usp=sharing,Cara mulai latihan pull up buat kalian yang pemula banget!Fokus ke 2 gerakan dulu aja.1. Austral.mp4,,61.0,,,,,
109,110,https://www.instagram.com/reel/DJ835krx3c5/?utm_source=ig_web_copy_link&igsh=MzRlODBiNWFlZA==,Video by bobbyida,"Kamu masih percaya Otot Biceps dan Otot Triceps tidak boleh digabung di waktu yang samaâ“
You need to know Thisâ€¼ï¸

Otot Biceps dan Otot triceps adalah otot yang bersifat berlawanan karena otot biceps tarik lengan sehingga lengan lebih deket ke tubuh lalu otot triceps meluruskan lengan sehingga lengan jadi lebih jauh ke badan yang dikenal dengan istilah otot antagonisâœ”ï¸

Walaupun masih banyak Orang percaya otot berlawanan tidak boleh digabung karena katanya â€¦. A dan B. Faktanya kamu boleh gabung otot yg berlawanan, sekalian kamu mau latihan seluruh tubuh dalam satu sesi latihan juga tidak masalah kok, justru Fullbody workout sangat dianjurkan untuk Pemula yg baru mulai ngegymâœ…

Please share Video ini dalam storymuâœ”ï¸supaya lebih banyak orang jadi pintar dan tidak percaya Hoax seperti ini lagiğŸ‘

#fitnessindonesia #gymindonesia #binaraga #binaragaindonesia #olahraga #edukasi #hidupsehat #sehat #tipssehat #infosehat #kesehatan #tipskesehatan #infokesehatan #indonesia #indonesian #indo #indonesiasehat #polahidupsehat #gayahidupsehat #tipsolahraga #biceps #triceps #fitnesstips #workouttips #gymtips #bodybuilding #turunberatbadan #bakarlemak #naturalbodybuilding #natty",94.8,26129.0,1747907573.0,mp4a.40.5,40.004,44100.0
110,111,https://www.instagram.com/reel/DGu41vfRlg-/?utm_source=ig_web_copy_link&igsh=MzRlODBiNWFlZA==,Video by bobbyida,"Kapan waktu paling tepat untuk Olahraga dalam Bulan Puasaâ“
You Need to know Thisâ€¼ï¸

Menurut saya ada dua Waktu yang paling cocokğŸ‘

1ï¸âƒ£ sekitar Jam 17:00 sebelum buka sehingga setelah ngegym kamu langsung bisa makan dan minum lalu malam kamu punya waktu untuk Keluarga dan Doaâœ…
tapi jangan terlalu dipaksa kurang lebih maksimal 70-80% dari intesitas biasanyaâš ï¸

2ï¸âƒ£ setelah buka, jadi pas kamu buka kamu hanya minum air dan makan yg ringan saja yg cepat dicerna seperti Kurma atau Pisang dan sebaiknya kamu menghindari sumber Protein seperti Ayam atau Telur karena lumayan lama dicerna sehingga bisa menggangu saat latihan selain Amino dan Whey karena dua duanya juga cepat dicernaâœ…

Menurut saya lebih efektif latihan dengan durasi yg pendek seperti 45-60menit tapi seintens mungkin dari pada workout yg terlalu lama selama bulan puasa âœ…

Semoga Tips ini bermanfaat ğŸ™dan jangan lupa dishare supaya temanmu juga tahu waktu yg paling tepat untuk Olahraga dalam Bulan PuasağŸ’ª

#olahraga #puasa #puasaramadhan #bulanpuasa #ramadhan #ramadan #fitnessindonesia #gymindonesia #binaraga #binaragaindonesia #hidupsehat #sehat #tipssehat #infosehat #kesehatan #tipskesehatan #infokesehatan #turunberatbadan #bakarlemak #fitnesstips #workouttips #gymtips #indonesia #indonesian #indo #indonesiasehat #olahragasehat #badanideal #naturalbodybuilding #bodybuilding",57.433,14447.0,1740995650.0,mp4a.40.5,57.137,44100.0
111,112,https://www.instagram.com/reel/DEhTARAyJyw/?utm_source=ig_web_copy_link&igsh=MzRlODBiNWFlZA==,Video by bobbyida,"Banyak orang membuat Resolusi Tahun baru untuk hidup lebih sehat tapi sekitar 90% akan gagal âŒâš ï¸

Simpelnya karena caranya tidak tepatâŒ
dari pada kamu mulai dengan makan makanan yg hambar dan cara esktrem yg lain, lebih baik ikutin 3Tips simple berikut iniâœ…

1. Mengurangi Asupan Gula dari makanan dan minuman, pilih variasi yg less sugar atau lebih baik ganti gula pasir dengan Steviaâœ…

2. Olahraga secara rutin minimal 2-3 kali seminggu, jangan hanya kardio tapi utamakan latihan beban mau di gym atau rumah dengan berat badan atau alat seadanyaâœ…

3. Saat makan pastikan ada Protein sekitar 20-30gram per mealâœ…

Kelihatan seperti hal kecil ini tidak bisa ubah apa-apa tapi jangan salah kalau kamu bisa praktekan 3tips simple ini selama 1 tahun kamu akan kaget dengan hasilnyağŸ‘

Please share Video ini dalam storymuâœ”ï¸supaya temanmu bisa hidup lebih sehat tahun 2025 dan tidak hanya sebatas ResolusiğŸ™

#2025 #tahunbaru #hidupsehat #sehat #tipssehat #kesehatan #tipskesehatan #infokesehatan #polahidupsehat #gayahidupsehat #edukasi #dietsihat #dietmulaibesok #fitnessindonesia #gymindonesia #olahraga #indonesia #indonesian #indo #indonesiasehat #makanansehat #makanandiet #olahragadirumah #olahragasehat #nutrisi #gizi #dietseimbang #sehatitumahal #beratbadan #fitness",72.766,30040.0,1736244694.0,mp4a.40.5,65.003,44100.0
112,113,https://www.instagram.com/reel/DA-sMIEyXtI/?utm_source=ig_web_copy_link&igsh=MzRlODBiNWFlZA==,Video by bobbyida,"Ini Cara Bentuk Badanmu di rumah tanpa alatâœ…

Jadwal Latihan ğŸ”½

Lunges setiap kaki 10-20 langkah
Push up 10-20 kali
Squats 10-20 kali
Plank 20-40 detik
Superman 10-15 kali
Rows 10-20 kali
Bicepscurls 10-20kali

Coba untuk lakukan semua gerakan tanpa istirahat lalu istirahat 2-3 menit dan ulang cycle ini 2-4 kali.
Dengan Workout ini kalian melatih semua otot di tubuh kalianâœ”ï¸

Intinya walaupun kamu tidak bisa ke gym atau tidak punya waktu itu bukan alasan untuk tidak olahragaâŒ

Please share Video ini dalam storymu supaya lebih banyak orang tahu cara latihan di rumah tanpa alatâœ”ï¸

Outfit by @flexzone.id 

#fitnessindonesia #olahraga #olahragadirumah #gymindonesia #bodyweightworkout #homeworkout #homeworkouts #athomeworkouts #athomeworkout #fitnessathome #workoutathome #hidupsehat #sehat #tipssehat #kesehatan #tipskesehatan #tipsdiet #turunberatbadan #bakarlemak #indonesia #indonesian #indo #indonesiasehat #fitnesstips #workouttips #pushup #bodyweighttraining #beratbadan #olahragasehat #infosehat",49.966,132069.0,1728640915.0,mp4a.40.5,69.931,44100.0
113,114,https://www.instagram.com/reel/DGsQvfWxMt6/?utm_source=ig_web_copy_link&igsh=MzRlODBiNWFlZA==,Video by luthfirambe,"Badan capek tapi tetep pengen workout selama bulan puasa? Mending lakuin ini!

#tipsworkout #tipsworkoutpuasa #tipsyoga #stretching #cobrapose #childpose #catcowpose #plank",81.433,3651.0,1740993345.0,mp4a.40.5,73.314,44100.0
114,115,https://www.instagram.com/reel/DNFODaKy1Us/?utm_source=ig_web_copy_link&igsh=MzRlODBiNWFlZA==,Video by ditoariotedjo,"Kejuaraan dunia voli U21 resmi dimulai di Surabaya! ğŸŒğŸ

Tadi malam saya membuka FIVB Volleyball Womenâ€™s U21 World Championship 2025 sekaligus menyaksikan langsung perjuangan Timnas U21 Indonesia melawan Vietnam. Momen ini merupakan langkah penting untuk membuka jalan voli Indonesia menuju prestasi dan peringkat dunia yang lebih tinggi.

Voli adalah salah satu olahraga paling digemari masyarakat Indonesia, dan dengan hadirnya 24 negara peserta di Kota Pahlawan, kita mendapatkan momentum besar untuk meningkatkan animo sekaligus kualitas permainan atlet-atlet tanah air. Kejuaraan ini menjadi ruang pembuktian bahwa kita mampu bersaing di panggung dunia sekaligus membangkitkan semangat voli di seluruh lapisan masyarakat.

Sebagian besar atlet U21 ini kita siapkan untuk melangkah ke level senior. Oleh karena itu, dukungan pembinaan berkelanjutan, peningkatan infrastruktur, dan penyelenggaraan kejuaraan akan terus @kemenpora dorong dan voli Indonesia akan semakin disegani di arena internasional.

Ayo bersama kita dukung Timnas voli kita dan bersama-sama jadikan â€œsmashâ€ Indonesia lebih keras, lebih hebat, dan lebih membanggakan di mata dunia! ğŸ’ªğŸğŸ‡®ğŸ‡©

#BergerakBersatuBerprestasi",67.4,420.0,1754629368.0,mp4a.40.5,64.455,44100.0
115,116,https://www.instagram.com/reel/DMh3m5rvW3x/?utm_source=ig_web_copy_link&igsh=MzRlODBiNWFlZA==,Video by fornasviiintb,"Kalah menang, semua senang.

Sebuah pengingat hangat dari Bapak @agusyudhoyono 
menjelang FORNAS VIII di Nusa Tenggara Barat, 26 Juli - 1 Agustus 2025.

FORNAS bukan hanya tentang kompetisi, tapi tentang merayakan persaudaraan, kesehatan, dan kegembiraan melalui olahraga.

Mari kita sukseskan bersama dengan semangat sportivitas!

#FORNASVIIINTB
#KalahMenangSemuaSenang
#FORNAS2025
#NTBMakmurMendunia
#KORMI
#Indonesiaaktif",64.18,3355.0,1753443246.0,mp4a.40.5,63.726,44100.0
116,117,https://www.instagram.com/reel/DMYECWsTFiJ/?utm_source=ig_web_copy_link&igsh=MzRlODBiNWFlZA==,Video by timnasindonesia,"#GarudaFans, mari lanjutkan dukungan sampai akhir ğŸ¤

â€£ #KitaGaruda â€£ #TimnasIndonesiaMandiri",21.27,64269.0,1753114146.0,mp4a.40.5,67.803,44100.0
117,118,https://www.instagram.com/reel/DGKvY7Lz-z6/?utm_source=ig_web_copy_link&igsh=MzRlODBiNWFlZA==,Video by timnasindonesia,"#BersamaGaruda, @aldyansyh20_  bertekad mewujudkan ğ“¶ğ“²ğ“¶ğ“¹ğ“² terbesarnya â¤ï¸ğŸ¤

â€£ #KitaGaruda",81.016,28112.0,1739782255.0,mp4a.40.5,79.525,44100.0
118,119,https://www.instagram.com/reel/DGVkYrhzf3h/?utm_source=ig_web_copy_link&igsh=MzRlODBiNWFlZA==,Video by timnasindonesia,"Comeback ğ’ğ“ğ‘ğğğ†ğ„ğ‘, @rivaldoepakpahan! ğŸ¦¾ 

ğŸ™‹â€â™‚ï¸ 22 y.o
ğŸ“ 1.72 cm
â›³ï¸ Midfielder
âš½ï¸ Borneo FC

â™»ï¸ @mandiri_inhealth_
ğŸ¥ Selengkapnya di YouTube Timnas Indonesia ğğŸğŸğ¢ğœğ¢ğšğ¥

â€£ #KitaGaruda",72.507,10213.0,1740145548.0,mp4a.40.5,68.141,44100.0
119,120,https://www.instagram.com/reel/DBP8wzKyRg8/?utm_source=ig_web_copy_link&igsh=MzRlODBiNWFlZA==,Video by hamdan.hamedan,"Alhamdulillah, survei Litbang Kompas menunjukkan optimisme publik terhadap olahraga Indonesia semakin tinggi! ğŸ’ªâœ¨

75% responden puas dengan kinerja Kemenpora dalam memajukan prestasi olahraga nasional, dan 79% memberikan citra positif pada Menpora @ditoariotedjo . ğŸ™Œ

Prestasi atlet kita di ajang internasional pun semakin membanggakan, termasuk di Olimpiade dan Paralimpiade ğŸ…

Perlahan, olahraga Indonesia lintas cabor berkembang dan bertumbuh.

Semoga kemajuan ini terus berlanjut.

Yuk bersama-sama kita dukung olahraga Indonesia untuk terus melaju hingga bisa jadi tuan rumah Olimpiade 2036! ğŸ‡®ğŸ‡©

Together, we can do it ğŸ’ªğŸ»ğŸ’ªğŸ»

#KemenporaIndonesia #AyoOlahraga #BangkitOlahraga #OlahragaUntukSemua #PrestasiIndonesia #IndonesiaJuara #OlahragaNasional #SemangatOlahraga #OlahragaBersama #PemudaBerprestasi #kemenpora #OlahragaIndonesia #PembangunanOlahraga #AtletIndonesia #DukungAtletNasional #OlahragaMembangunBangsa #MenujuOlimpiade #BanggaOlahraga #AtletBerprestasi #SportForAll #menpora #GerakanMasyarakatSehat #OlahragaBersatu #IndonesiaSehat #JuaraSejati #AtletMudaIndonesia #PrestasiTanpaBatas #DukungOlahragaNasional #OlahragaPrestasiBangsa #GerakanNasionalOlahraga",82.433,1478.0,1729219620.0,mp4a.40.5,88.123,44100.0
120,121,https://www.instagram.com/reel/DM8PAMHPsh4/?utm_source=ig_web_copy_link&igsh=MzRlODBiNWFlZA==,Video by disporadkijkt,"Hari Pertama POPPROV 2025: Dibuka dengan Semangat, Dilanjutkan dengan Aksi!

Dari gemuruh pembukaan hingga sorotan laga di lapangan â€” semua penuh energi, semangat, dan sportivitas!

#POPPROV2025
#DisporaDKIJakarta
#RoadToPOPNAS",179.837,295.0,1754328067.0,mp4a.40.5,68.338,44100.0
121,122,https://www.instagram.com/reel/DM7I5rNp3au/?utm_source=ig_web_copy_link&igsh=MzRlODBiNWFlZA==,Video by dkijakarta,"POPPROV & PORPROV DKI Jakarta 2025 Resmi Dibuka!

Gubernur DKI Jakarta, Pramono Anung, membuka ajang olahraga terbesar di Ibu Kota untuk para atlet pelajar dan profesional Jakarta, Senin (4/8), di Gelanggang Mahasiswa Soemantri Brodjonegoro.

Selama 5 hari ke depan, 1.504 atlet akan bertanding di 10 cabang olahraga, mulai dari bola basket hingga pencak silat.

Ajang ini bukan hanya soal kemenanganâ€”tapi juga tentang membentuk karakter, sportivitas, dan regenerasi atlet masa depan.

ğŸ…â€Saya menaruh harapan besar kepada para pelajar hari ini agar Jakarta bisa meraih juara umum di tingkat nasional,â€ ujar Gubernur Pramono.

ğŸ“Yuk, dukung terus atlet-atlet kebanggaan Jakarta!
Selamat bertanding! Junjung sportivitas, semangat juang, dan fair play! ğŸ™Œ

#POPPROV2025 #PORPROV2025 #JakartaJuara #AtletJakarta #PemprovDKI #DisporaDKI #KONIDKI #OlahragaJakarta #GubernurDKI",75.812,1264.0,1754291236.0,mp4a.40.5,59.328,44100.0
122,123,https://www.instagram.com/reel/DM6mD8jyIV6/?utm_source=ig_web_copy_link,Video by disporadkijkt,"Pekan Olahraga Pelajar Provinsi (POPPROV) dan Pekan Olahraga Provinsi (PORPROV) DKI Jakarta Tahun 2025 secara resmi dibuka, berikan dukungan kepada kontingen favoritmu!! 

Jakarta Road to POPNAS 2025 - Tumbuh, Tangguh, Berprestasi!!

Source yt : Official KONI DKI Jakarta

#POPPROV2025
#PORPROV2025
#DisporaDKIJakarta
#KONIDKIJakarta",26.378,1323.0,1754272883.0,mp4a.40.5,49.184,44100.0
123,124,https://www.instagram.com/reel/DMo9r54zftR/?utm_source=ig_web_copy_link&igsh=MzRlODBiNWFlZA==,Video by jakartadragonboatfestival,"Thatâ€™s a wrap on JIDBF 2025!
Grateful for every face, story, and spark of inspiration. Thanks to everyone who came and made it special. ğŸŒŠ

#JIDBF2025 #ancoltamanimpian #hketo #pertamina #energyzingyou #konidki #disporadkijarta",62.717,242.0,1753681360.0,mp4a.40.5,70.076,44100.0
124,125,https://www.instagram.com/reel/DMg4c-eqEyX/?utm_source=ig_web_copy_link&igsh=MzRlODBiNWFlZA==,Video by koni_dki,"Prestasi bukan datang dari keberuntungan â€” tapi dari konsistensi, latihan, dan mental juara.

Golf DKI Jakarta membuktikannya lewat 3 medali emas di PON XXI/2024!

Pastikan untuk mengaktifkan notifikasi di media sosial KONI DKI Jakarta, agar tidak ketinggalan setiap episode terbaru. Mari bersama-sama dukung atlet-atlet kebanggaan Jakarta dan tingkatkan semangat olahraga di kota Jakarta!

Untuk Menyaksikan lebih lengkapnya bisa saksikan di Youtube Official KONI DKI Jakarta atau bisa klik link Youtube di bio.

#SalamOlahraga #DKIJakarta #KONIDKIJakarta #olahraga #Golf",111.936,22.0,1753410068.0,mp4a.40.5,55.093,48000.0
125,126,https://www.instagram.com/reel/DB75GW9K-9q/?utm_source=ig_web_copy_link&igsh=MzRlODBiNWFlZA==,Video by koni_dki,"Kilas Balik Pejuangan Kontingen DKI Jakarta pada PON XXI 2024 Aceh - Sumut.

Kali ini adalah Cabang Olahraga Selam Kolam.

Kontingen Jakarta terus berikan positif pada PON XXI Aceh-Sumut 2024. 

DKI berhasil menambah koleksi medali dengan satu emas, satu perak, dan satu perunggu, di Kolam Tirta Raya Banda Aceh.

Harvey Hubert Marcello Hutasuhut meraih medali emas di nomor 100 meter Bifin putra, sementara Joanita Mutiara Hapsari menyumbangkan medali perak di nomor 100 meter Bifin putri, dan Muhammad Zidan Arrif Billah mendapatkan perunggu di nomor 100 meter Surface putra.

Terimakasih telah memberikan yang terbaik untuk DKI Jakarta!

Untuk Menyaksikan lebih lengkapnya bisa saksikan di Youtube Official KONI DKI Jakarta.

#SuksesJakartaUntukIndonesia #JakartaDatangJakartaMenang #JakartaMenujuPentasDunia #ponacehsumut2024 #SalamOlahraga #konidkijakarta #KontingenJakarta",189.033,150.0,1730694093.0,mp4a.40.5,74.861,48000.0
126,127,https://www.instagram.com/reel/DAUxpi3y_7G/?utm_source=ig_web_copy_link&igsh=MzRlODBiNWFlZA==,Video by pbvsi.dkj_jakarta,"Walikota CUP Kota Administratif Jakarta Selatan 2024

@bang.munjirin 
@bangbonenk 
@bangandri_kakek 
@voli_walikotajaksel.cup
@17.dwi_chondor_suharyono 
@dwie3573 
@dadangpru21 
@masjokodok",225.323,98.0,1727234137.0,mp4a.40.5,71.333,44100.0
127,128,https://www.instagram.com/reel/DMnUS9LS5nx/?utm_source=ig_web_copy_link&igsh=MzRlODBiNWFlZA==,Video by badminton.ina,"Indonesia meraih gelar juara di sektor tunggal putra kejuaraan WONDR Badminton Asia Junior Chamipionships 2025 melalui Moh Zaki UbaidillahğŸ¸ğŸ¸ğŸ¸

Wawancara pasca-kejuaraan bersama Eng Hian selaku Kabid Binpres PP PBSI dan Manager tim AJC memberikan gambaran utuh tentang proses, pencapaian, dan ruang perbaikan.

Evaluasi ini tentunya akan menjadi bagian penting untuk terus membangun prestasi yang membanggakan Indonesia ğŸ‡®ğŸ‡©ğŸ‡®ğŸ‡©ğŸ‡®ğŸ‡©

#BadmintonIndonesia
#WONDRBadmintonAsiaJuniorChampionships2025
#AJC2025",631.673,3840.0,1753627630.0,mp4a.40.5,63.518,44100.0
128,129,https://www.instagram.com/reel/DNH1jh9RtNX/?utm_source=ig_web_copy_link&igsh=MzRlODBiNWFlZA==,Video by npcindonesia,"Dalam semangat memperingati Hari Ulang Tahun ke-80 Republik Indonesia, NPC Indonesia  bersama Yayasan Inklusi Pelita Bangsa (YIPB), menggelar NPCI Table Tennis Championship 2025.

Turnamen ini berlangsung pada Jumat (8/8/2025) hingga Minggu (10/8/2025) di Atrium Utama, Pluit Village Mall, Jakarta Utara ini bukan sekadar ajang kompetisi, tetapi menjadi simbol nyata dari olahraga tanpa batas, yang menyatukan atlet disabilitas dan non-disabilitas dalam satu panggung yang setara dan kompetitif.

Acara ini turut dihadiri sejumlah Menteri Kabinet Merah Putih seperti Menteri Agraria dan Tata Ruang (ATR) Nusron Wahid serta Menteri Kehutanan Raja Juli Antoni serta para tokoh masyarakat seperti Raffi Ahmad, Denny Sumargo, hingga Jusuf Hamka tak hanya sekadar memberikan dukungan simbolis, tetapi juga bentuk nyata kepedulian terhadap gerakan inklusi.",99.724,502.0,1754717823.0,mp4a.40.5,63.035,44100.0
129,130,https://www.instagram.com/reel/DAqlYu_sQgD/?utm_source=ig_web_copy_link&igsh=MzRlODBiNWFlZA==,Video by disporadkijkt,"3 Hari menuju  pembukaan Pekan Paralimpiade Nasional (Peparnas) XVII

Ayo warga Jakarta

Berikan dukungan kepada Kontingen Kota Jakarta untuk bisa mempersembahkan prestasi terbaik

Bersama memberikan semangat juang bagi Para Atlet

#PeparnasXVII2024 #disporadkijakarta #suksesjakartauntukindonesia",23.8,121.0,1727965815.0,mp4a.40.5,80.84,44100.0
130,131,https://drive.google.com/file/d/1atFJ7NdIi85K4Q8xqKtumuqbXh9MI46S/view?usp=drive_link,2024-08-14_14-47-23_UTC.mp4,,222.0,,,,,
131,132,https://drive.google.com/file/d/1GZb1QrS9XT4ZGhxp6fq9qHruexrUgaTX/view?usp=drive_link,2025-07-15_09-16-58_UTC.mp4,,23.0,,,,,
132,133,https://drive.google.com/file/d/1aJVMO-4PF8IbcZEuBcdMDDZXH0HvvQ7Z/view?usp=drive_link,@somethincofficial Checkmatte Lipstick Review & Swatchesss ğŸ’‹.mp4,,274.0,,,,,
133,134,https://drive.google.com/file/d/1lbnA57scQfUs1NtxPzdfc8lNxCN7EskH/view?usp=drive_link,Baru kali ini menemukan produk lokal yg fokus buat mature skin!.mp4,,95.0,,,,,
134,135,https://drive.google.com/file/d/1sQ5YuTsgyWV6iUdtxPN3PcYZzI_WmTSd/view?usp=drive_link,Get ready with me edisi makeup + outfit + kecot.mp4,,73.0,,,,,
135,136,https://drive.google.com/file/d/1MjA5r9wB619NBT5Or235HhNaVZ7HEMhe/view?usp=drive_link,get.mp4,,125.0,,,,,
136,137,https://drive.google.com/file/d/1_IPDdNJ7xPFvWHy2-px1Pa7Qrj48aIWp/view?usp=drive_link,Nyobain si powder foundation viral ğŸ¤”.mp4,,250.0,,,,,
137,138,https://www.instagram.com/reel/C9zeHtmSftf/?igsh=ODNoZDlveWRjOGV6,Video by review.meira,gimana? kalian tertarik coba yang mana?,63.733,1867.0,1721821834.0,mp4a.40.5,65.939,44100.0
138,139,https://www.instagram.com/reel/C_reJDqSNno/?igsh=ZDIzc2owNWgxdmJk,Video by skincarian,"Wardah punya sunscreen baru lagi yang lagi-lagi berhasil bikin aku jatuh cinta sejak pemakaian pertama ğŸ˜­ğŸ«µ

Jadi ini adalah sebuah tone up sunscreen, yang dimana efek tone up nya bener-bener natural banget. Enggak bikin kulit jadi abu, malahan kulit jadi keliatan lebih cerah. Udah gitu, sunscreen ini juga bisa bantu nyamarin noda bekas jerawat loh ğŸ¥¹â¤ï¸

#sunscreen #skincareviral #reviewskincare #beauty 
#WardahToneUpSunscreen#InstantGlowUpSunscreen",50.133,8173.0,1725848290.0,mp4a.40.5,65.307,44100.0
139,140,https://www.instagram.com/reel/DLJoMUxTL2J/?igsh=MTVkNnYwYTRxZmdqNw==,Video by skincarian,"Nyobain tren skincare Telor Ceplokâ€¦ katanya sih bisa bikin kulit jadi glowing, masa iya sih? 

Nahâ€¦ untuk penjelasan, cara pakai, dan hasilnya sudah aku jelaskan di reels secara singkat dan gamblang yah. Silakan tonton videonya sampai habis. 

Jangan lupa save & share reels ini ke teman-teman kamu juga. Semoga bermanfaat!! â¤ï¸

#skincare #telurceplokmethod #scrambledoil #skincareglowing #reviewskincare #skincaretips",42.607,515.0,1750482503.0,mp4a.40.5,54.902,44100.0
140,141,https://www.instagram.com/reel/DLuruPeBcAH/?utm_source=ig_web_copy_link&igsh=MXRhMTgyNHViZDRodg==,Video by ka.hairunisa,Skincare âŒ Ë¢áµá¶¦â¿á¶œáµƒÊ³áµ‰ âœ…,53.985,113.0,1751725829.0,mp4a.40.5,57.808,44100.0
141,142,https://www.instagram.com/reel/DLys1UgTaDP/?igsh=MTI0ZDM5Y2t3azg3bA==,Video by skincarian,"EMINA PUNYA FACE WASH BARU ğŸ˜­â¤ï¸

Harganya cuman 30ribuan, dan yang satu ini beda dari cleanser Emina yang kain. Ini tipe gentle cleanser yang bisa dipakai buat kamu yang kulitnya kering, dehidrasi, lagi ada masalah skin barrier, atau misal kulitnya baik-baik aja pun bisa.

Jangan lupa save & share postingan ini ke teman-teman kamu ya, biar pada tau kalau Emina punya face wash baru ğŸ˜€

#facewash #skincareremaja #rekomendasiskincare",39.38,377.0,1751860660.0,mp4a.40.5,60.64,44100.0
142,143,https://www.instagram.com/reel/DLzratFhGh3/?utm_source=ig_web_copy_link&igsh=amRiOWxoZ2ZtOW5m,Video by ka.hairunisa,Siapa yg ngebuang eem ğŸ˜”,46.555,122.0,1751893200.0,mp4a.40.5,55.252,44100.0
143,144,https://www.instagram.com/reel/DMc1SxqJ_h-/?igsh=N3o3ZGpidDhkOHc2,Video by skincarian,"Beberapa kandungan skincare yang ampuh untuk mudarin bekas jerawat merah (PIE):

âœ… Retinol
âœ… Vitamin C
âœ… Azelaic Acid
âœ… Niacinamide

Nah, dari beberapa ingredients diatasâ€¦ yang harganya paling affordable, aman buat pemula, tapi hasilnya tetap ngaruh tuh niacinamide ğŸ™‚â†•ï¸.

Contoh produknya, bisa coba Whitelab N10-Dose+ Serum. Harganya murah meriah, terus efek mudarin PIE nya dapet banget (before after nya udah aku masukin di dalam video ya).

Ada yang udah coba serum ini? ğŸ˜€

#brighteningserum #serumpencerah #serumbekasjerawat #bekasjerawat #kulitkusam",49.505,292.0,1753274240.0,mp4a.40.5,60.471,44100.0
144,145,https://www.instagram.com/reel/DNA7KYaThER/?utm_source=ig_web_copy_link&igsh=cXlrYTV2c3doMnVm,Video by brani.water,"Keberanian. Keanggunan. Keaslian.
Di balik panggung Nusanova by @ivan_gunawan , kami bertanya: Apa arti Brani untukmu? 

Sekarang giliranmu. Yuk, share di komentar: Brani versimu seperti apa?

#DrinkBrani #Nusanova",45.2,453.0,1754485569.0,mp4a.40.5,58.71,44100.0
145,146,https://instagram.com/p/DJ_vMG1S3t2/,Video by dokter.ikan.indonesia,"ğŸ‘¦ : Bisnis mu apa?
ğŸ§‘â€ğŸ¦± : Aku punya kos-kosan 200 kamarğŸ’¸ğŸ’¸ğŸ’¸

#fish #dokterikan #dokterikanindonesia #ikan #koi #animal #animallovers #fishvet #koifish #fishtank #arwana",32.0,4192.0,1748003023.0,mp4a.40.5,71.363,44100.0
146,147,https://www.instagram.com/reel/DIq791DyhWA/?igsh=MWF3eWN0MHR5b2c1MQ==,Video by ikhsanqthi,Ke PUSKESMAS aja dulu gak siii??,44.511,26487.0,1745157581.0,mp4a.40.5,39.555,44100.0
147,148,https://www.instagram.com/reel/DHUqgc8y-Vj/?igsh=NGx4dnRndDQ2ang0,Video by ikhsanqthi,Semangat Pagiii EveryBodiii Jangan Lupa Olahraga!! #sehatkuat #SinocareiCan #RamadanSehatSinocare #iCanControlMySugar #PakaiiCani3,104.733,6575.0,1742262800.0,mp4a.40.5,70.576,44100.0
148,149,https://www.instagram.com/reel/DGpzBnQS4HL/?igsh=aTA0ODJiNXdpcG5l,Video by ikhsanqthi,Selamat Ramadhan Teman-Teman!! Semoga Ibadah kita 1 bulan ini dikuatkan ğŸ¤™ğŸ¤™ğŸ‘ asik,106.533,9714.0,1740824486.0,mp4a.40.5,68.523,44100.0
149,150,https://www.instagram.com/reel/DJWhd5lyqWL/?igsh=MWd6ZjZ0cHF6b2ludg==,Video by ikhsanqthi,Yak.. demikian sekilas info ğŸ™ intinya kalo anda sekalian obes/kegemukan dan ada tanda2 demikian maka lakukan pemeriksaan ke tukang las (gak dong) ya ke dokter yes ğŸ‘,106.5,5071.0,1746620115.0,mp4a.40.5,42.797,44100.0
150,151,https://www.instagram.com/reel/DLm4ogqhswJ/?igsh=NjR3dGN3bWN2dGNh,Video by ikhsanqthi,"Please jangan bikin kite marah-marahlagi ya bu ibu, pokoknya gamau lagi denger pakein anak lotion 2 in 1 apalagi pencerah instan!
â #bodylotionbaby â #moellskincarebaby",88.373,8699.0,1751464186.0,mp4a.40.5,72.64,44100.0
151,152,https://www.instagram.com/reel/C_iEMTMSYJe/?igsh=MWowMzA2cmdta3RlYw==,Video by dokter.ikan.indonesia,"Kenalin aunty uncle semua, ikan ini namanya Nico awalnya, tapi ternyata dia betinaaa, jadilah dia Nicole. Doain Nicole cepet sembuh dan kembali ke owner yaaa

#fish #ikan #koi #fishvet #koifish #fishtank #dokterikan #dokterikanindonesia #animal #animallovers #nishikigoi",91.933,13523.0,1725532621.0,mp4a.40.5,75.637,44100.0
152,153,https://www.instagram.com/reel/DNF_1RPzpcC/?hl=id,Video by hellosehat,"Anak makan 3x sehari, bukan berarti cukup nutrisinya, lho, Bun!

Soalnya, banyak anak yang makan teratur, tapi tetap kekurangan zat besi karena nutrisinya tidak terpenuhi.

Yuk, lengkapi makanannya dengan susu pertumbuhan yang punya kombinasi zat besi & vitamin C untuk penyerapan 2x lebih optimal! ğŸ’ª #KawalZatBesi #MulaiDariZatBesiOptimal",43.722,213.0,1754655437.0,mp4a.40.5,61.398,44100.0
153,154,https://www.instagram.com/reel/DMrXFfxxWpV/?hl=id,Video by hellosehat,"Sudah cek tinggi badan ideal si Kecil belum? ğŸ“ğŸ’¡

Faktanya, 1 dari 3 anak Indonesia mengalami gangguan tinggi badan, lho.

Faktor utamanya bisa disebabkan karena asupan nutrisinya tidak tercukupi. Solusinya, ibu bisa bantu tambah tinggi dan berat badan si Kecil dengan berikan susu pertumbuhan yang tinggi nutrisi dan kalori.

Dan yang tidak kalah penting, memilih susu dengan sukrosa 0 gram agar lebih sehat dikonsumsi setiap hari.

Apabila tinggi badannya masih tidak memenuhi kriteria sesuai usia, sebaiknya konsultasikan ke dokter.

Jangan sampai tertinggal, pantau terus tinggi badan si Kecil!",90.093,74.0,1753761617.0,mp4a.40.5,65.586,44100.0
154,155,https://www.instagram.com/reel/DLkHxpXxXz0/?hl=id,Video by hellosehat,"Tisu magic bukan cheat code buat tahan lama ya!

Efeknya sih emang bisa bikin ""Mr. P"" mati rasa... tapi mesti hati-hati juga karena bikin iritasi.

Mau beneran kuat? Latihan fisik, kontrol emosi dan jaga pola hidup kamu ya ğŸ‘
#hellosehat #sehatuntuksemua #kesehatanpria #tisumagic",58.56,42.0,1751371235.0,mp4a.40.5,68.736,44100.0
155,156,https://www.instagram.com/reel/DLUdR3BPRcQ/?hl=id,Video by hellosehat,"Baru-baru ini viral di media sosial, di mana salah satu pendaki asal Brazil terjatuh ke dalam Jurang dengan ketinggian kurang lebih 400 meter di kawasan Gunung Rinjani.

Tim SAR telah melakukan evakuasi setelah beberapa hari mengalami kendala akibat cuaca yang tidak mendukung. 

Hingga akhirnya korban berhasil ditemukan, namun sayangnya sudah dalam keadaan meninggal dunia, diduga akibat hipotermia.

Mendaki gunung bukan cuma soal niat dan foto estetik, tapi juga risiko yang serius.

Makanya, kamu perlu berhati-hati dengan mempersiapkan fisik, mental dan peralatan sebelum mendaki seperti penjelasan berikut ini!
#hellosehat #sehatuntuksemua #mendakigunung #gunungrinjani",57.655,617.0,1750845635.0,mp4a.40.5,68.37,44100.0
156,157,https://www.instagram.com/reel/DKMXCa9PjO2/?hl=id,Video by hellosehat,"Ada yang pernah ngalamin juga? 
 
Bellâ€™s Palsy ini bisa bikin wajah kaku sebelah, susah senyum, bahkan susah nutup mata.
 
Penyebab pastinya pun belum diketahui karena apa. Tapi kabar baiknya, kondisi ini bisa cepat pulih lho.
 
 Walaupun begitu, jangan anggap remeh juga ya Sobat Sehat!

#HelloSehat  #sehatuntuksemua  #BellsPalsy  #BellsPalsyAwareness",55.7,36.0,1748426400.0,mp4a.40.5,52.068,44100.0
157,158,https://www.instagram.com/reel/DJ9NPQSvxPw/?hl=id,Video by hellosehat,"Sudah hamil besar, kira-kira si kecil bakal lahir kapan ya? Tenang aja Moms, ternyata HPL (Hari Perkiraan Lahir) bisa kita ketahui dengan mudah loh!

Kamu bisa langsung cek di website Hello Sehat dan dapatkan hasilnya langsung! Wah jadi gak penasaran lagi kan?

Untuk lengkapnya yuk tonton video ini dan jangan lupa untuk langsung coba dengan klik link di bio ya!

#HelloSehat #Kehamilan #TipsHamil #IbuHamil #HPL #HariPerkiraanLahir",47.297,34.0,1747918377.0,mp4a.40.5,70.815,44100.0
158,159,https://www.instagram.com/reel/DJbpoiZRBsL/?hl=id,Video by hellosehat,"Kecil sih tapi terkadang bisa mengganggu penampilan/aktivitas

Iya begitulah kutil yang biasa muncul karena virus yang sifatnya menular lho. 

Mematikan sih engga, cuma kutil perlu diobati juga ya! Biasanya dokter kulit akan memberi kamu salep khusus. 

Nah karena kutil ini menular, makanya kamu perlu rajin cuci tangan dan jangan coba-coba menggaruk kutilnya ya!
#hellosehat #sehatuntuksemua #kutil #penyakitkulit #warts",37.466,1039.0,1746792006.0,mp4a.40.5,62.716,44100.0
159,160,https://www.instagram.com/reel/DJZEyNYRAge/?hl=id,Video by hellosehat,"Telur kok dibekuin? Eits bukan telur ayam ya!

Melainkan sel telur pada wanita yang dibekukan untuk bisa hamil atau disebut Egg Freezing. 

Contohnya Luna Maya yang sudah melakukan Egg Freezing sejak 2021. Biasanya wanita memilih promil ini karena usia yang sudah tua atau memiliki gangguan kesehatan. 

Nah info lengkapnya, tonton video berikut ya!
#hellosehat #sehatuntuksemua #eggfreezing #kehamilan #lunamayamaximebouttier",68.9,837.0,1746705653.0,mp4a.40.5,57.071,44100.0
160,161,https://www.instagram.com/reel/DHC-rVIzFqv/?hl=id,Video by hellosehat,"Sobat Sehat, tahukah Anda? Orang yang berusia 50 tahun ke atas berisiko tinggi mengalami Cacar Api![1] Namun edukasi mengenai bahaya Cacar Api sayangnya belum banyak dipahami masyarakat di Indonesia.Â 

Padahal, risiko Cacar Api dapat meningkat seiring bertambahnya usia dan pada orang yang memiliki sistem kekebalan tubuh yang lemah.[1] Menurut data dari CDC (Centers for Disease Control and Prevention), 1 dari 3 orang* dapat menderita Cacar Api setidaknya satu kali seumur hidupnya.[2]

Oleh sebab itu, mari cegah risiko cacar api dengan menjaga imun tubuh dengan mengurangi stres, mengonsumsi makanan bergizi, menjaga pola hidup sehat, dan melakukan vaksinasi.[3]Â 

Jangan lupa untuk membagikan video ini ke teman dan keluarga Anda. Konsultasikan dengan dokter anda mengenai pencegahan cacar api, termasuk vaksinasi.Â Â Â Â Â Â Â 

*di Amerika Serikat
Â Â Â Â Â Â Â Â Â Â Â Â Â Â Â Â Â Â 
Sumber:
1. CDC. (2024). Clinical Overview of Shingles (Herpes Zoster). Available from https://www.cdc.gov/shingles/hcp/clinical-overview/?CDC_AAref_Val=https://www.cdc.gov/shingles/hcp/clinical-overview.html. Accessed February 2025.
2. CDC. (2024). About Shingles (Herpes Zoster). Available from https://www.cdc.gov/shingles/about/index.html. Accessed February 2025.
3. Cleveland Clinic. (2022). Shingles (Herpes Zoster) Symptoms & Treatment. Available from https://my.clevelandclinic.org/health/diseases/11036-shingles. Accessed February 2025.",178.477,226.0,1741669228.0,mp4a.40.5,68.442,44100.0
161,162,https://www.instagram.com/reel/DGf0F9eSmj-/?hl=id,Video by hellosehat,"Coba tebak apa rasanya? 

Sebenarnya manusia boleh aja konsumsi makanan kucing, tapi jangan setiap hari juga ya! 

Karena kandungan nutrisi di dalam makanan kucing gak sesuai dengan kebutuhan nutrisi manusia lho.

Jika dimakan pun, juga akan menimbulkan beberapa penyakit seperti berikut>>>
#HelloSehat #SehatUntukSemua #makanankucing #nutrisi #infokesehatan",43.866,101.0,1740489310.0,mp4a.40.5,60.664,44100.0
162,163,"https://instagram.fcgk8-2.fna.fbcdn.net/o1/v/t2/f2/m86/AQMSsB8Yjd1s7CxLMCdlzBE1Q4WAjpQRnTh4M7ifXye8BWbsdiesYfta-05GIhcKQYgAy81VrImkgEGG4AD78GEclnlFJmSI66KS9b8.mp4?_nc_cat=107&_nc_oc=Adk1H0fkcEpY-OaAqAqverPst_n3ZHYs-fCPmr-9sPqhNZwoWEQfIs_eIbDmk-0xdXupjG4rW-zt4rbCzhN5Xccd&_nc_sid=5e9851&_nc_ht=instagram.fcgk8-2.fna.fbcdn.net&_nc_ohc=DhQrNkoGA0MQ7kNvwFdMHl9&efg=eyJ2ZW5jb2RlX3RhZyI6Inhwdl9wcm9ncmVzc2l2ZS5JTlNUQUdSQU0uQ0xJUFMuQzMuNzIwLmRhc2hfYmFzZWxpbmVfMV92MSIsInhwdl9hc3NldF9pZCI6MTI2NTg1NTkwODM3Mjc2MCwidmlfdXNlY2FzZV9pZCI6MTAwOTksImR1cmF0aW9uX3MiOjM4LCJ1cmxnZW5fc291cmNlIjoid3d3In0%3D&ccb=17-1&vs=d52ab3928538ef73&_nc_vs=HBksFQIYUmlnX3hwdl9yZWVsc19wZXJtYW5lbnRfc3JfcHJvZC9GMTRDODdENTVGOTA5MEI3RkVCNUNFRTE3NUQ4NDRCOV92aWRlb19kYXNoaW5pdC5tcDQVAALIARIAFQIYOnBhc3N0aHJvdWdoX2V2ZXJzdG9yZS9HRUtLRFItRWNidjhuYXdFQUY4RGNXbThvS3g3YnFfRUFBQUYVAgLIARIAKAAYABsCiAd1c2Vfb2lsATEScHJvZ3Jlc3NpdmVfcmVjaXBlATEVAAAmsISLvMHSvwQVAigCQzMsF0BDe6XjU_fPGBJkYXNoX2Jhc2VsaW5lXzFfdjERAHX-B2XmnQEA&_nc_zt=28&oh=00_AfXcnvGrMFm7DWk5uPWXeQ6kHmngsnVGYAaFmgb6WYMsdw&oe=689B4DFC, https://instagram.fcgk8-2.fna.fbcdn.net/o1/v/t2/f2/m86/AQMSsB8Yjd1s7CxLMCdlzBE1Q4WAjpQRnTh4M7ifXye8BWbsdiesYfta-05GIhcKQYgAy81VrImkgEGG4AD78GEclnlFJmSI66KS9b8.mp4?_nc_cat=107&_nc_oc=Adk1H0fkcEpY-OaAqAqverPst_n3ZHYs-fCPmr-9sPqhNZwoWEQfIs_eIbDmk-0xdXupjG4rW-zt4rbCzhN5Xccd&_nc_sid=5e9851&_nc_ht=instagram.fcgk8-2.fna.fbcdn.net&_nc_ohc=DhQrNkoGA0MQ7kNvwFdMHl9&efg=eyJ2ZW5jb2RlX3RhZyI6Inhwdl9wcm9ncmVzc2l2ZS5JTlNUQUdSQU0uQ0xJUFMuQzMuNzIwLmRhc2hfYmFzZWxpbmVfMV92MSIsInhwdl9hc3NldF9pZCI6MTI2NTg1NTkwODM3Mjc2MCwidmlfdXNlY2FzZV9pZCI6MTAwOTksImR1cmF0aW9uX3MiOjM4LCJ1cmxnZW5fc291cmNlIjoid3d3In0%3D&ccb=17-1&vs=d52ab3928538ef73&_nc_vs=HBksFQIYUmlnX3hwdl9yZWVsc19wZXJtYW5lbnRfc3JfcHJvZC9GMTRDODdENTVGOTA5MEI3RkVCNUNFRTE3NUQ4NDRCOV92aWRlb19kYXNoaW5pdC5tcDQVAALIARIAFQIYOnBhc3N0aHJvdWdoX2V2ZXJzdG9yZS9HRUtLRFItRWNidjhuYXdFQUY4RGNXbThvS3g3YnFfRUFBQUYVAgLIARIAKAAYABsCiAd1c2Vfb2lsATEScHJvZ3Jlc3NpdmVfcmVjaXBlATEVAAAmsISLvMHSvwQVAigCQzMsF0BDe6XjU_fPGBJkYXNoX2Jhc2VsaW5lXzFfdjERAHX-B2XmnQEA&_nc_zt=28&oh=00_AfXcnvGrMFm7DWk5uPWXeQ6kHmngsnVGYAaFmgb6WYMsdw&oe=689B4DFC, https://instagram.fcgk8-2.fna.fbcdn.net/o1/v/t2/f2/m86/AQMSsB8Yjd1s7CxLMCdlzBE1Q4WAjpQRnTh4M7ifXye8BWbsdiesYfta-05GIhcKQYgAy81VrImkgEGG4AD78GEclnlFJmSI66KS9b8.mp4?_nc_cat=107&_nc_oc=Adk1H0fkcEpY-OaAqAqverPst_n3ZHYs-fCPmr-9sPqhNZwoWEQfIs_eIbDmk-0xdXupjG4rW-zt4rbCzhN5Xccd&_nc_sid=5e9851&_nc_ht=instagram.fcgk8-2.fna.fbcdn.net&_nc_ohc=DhQrNkoGA0MQ7kNvwFdMHl9&efg=eyJ2ZW5jb2RlX3RhZyI6Inhwdl9wcm9ncmVzc2l2ZS5JTlNUQUdSQU0uQ0xJUFMuQzMuNzIwLmRhc2hfYmFzZWxpbmVfMV92MSIsInhwdl9hc3NldF9pZCI6MTI2NTg1NTkwODM3Mjc2MCwidmlfdXNlY2FzZV9pZCI6MTAwOTksImR1cmF0aW9uX3MiOjM4LCJ1cmxnZW5fc291cmNlIjoid3d3In0%3D&ccb=17-1&vs=d52ab3928538ef73&_nc_vs=HBksFQIYUmlnX3hwdl9yZWVsc19wZXJtYW5lbnRfc3JfcHJvZC9GMTRDODdENTVGOTA5MEI3RkVCNUNFRTE3NUQ4NDRCOV92aWRlb19kYXNoaW5pdC5tcDQVAALIARIAFQIYOnBhc3N0aHJvdWdoX2V2ZXJzdG9yZS9HRUtLRFItRWNidjhuYXdFQUY4RGNXbThvS3g3YnFfRUFBQUYVAgLIARIAKAAYABsCiAd1c2Vfb2lsATEScHJvZ3Jlc3NpdmVfcmVjaXBlATEVAAAmsISLvMHSvwQVAigCQzMsF0BDe6XjU_fPGBJkYXNoX2Jhc2VsaW5lXzFfdjERAHX-B2XmnQEA&_nc_zt=28&oh=00_AfXcnvGrMFm7DWk5uPWXeQ6kHmngsnVGYAaFmgb6WYMsdw&oe=689B4DFC",,,,,,,,
163,164,https://www.instagram.com/reel/DM1WsB5hoAA/?igsh=MWFlc2VtZ3FjenQ1aw==,Video by ajibayuchandra,"1001 pertanyaan yang suka ditanyain di klinik kecantikanâ€¦kira kira kamu butuh yang mana ya ?
.
.
#maharva #maharvaclinic #klinikkecantikansurabaya #botoxsurabaya #fillersurabaya #hifusurabaya #facialsurabaya #sylfirmxsurabaya",51.71,337.0,1754097083.0,mp4a.40.5,54.131,44100.0
164,165,"https://instagram.fcgk38-1.fna.fbcdn.net/o1/v/t2/f2/m86/AQOmEkBINMLerU8OSYmJ6Ih1h08vQv_Z-267MnsQxGBMQaUWwj3Ugn1P89oDZfAVNadGZELYVRuk-6icr4f11N5_U1ibtPmGSi0j7R4.mp4?_nc_cat=108&_nc_oc=Admheqc9tYbeC7x7lodLWmXqtg98UFlgaV4GhNNLUcysyRP_A_punAfmrRPaoY8lbxEhUNd-eIAdQGGOeZyJK6zb&_nc_sid=5e9851&_nc_ht=instagram.fcgk38-1.fna.fbcdn.net&_nc_ohc=IW0flqgZ-8cQ7kNvwEeylGL&efg=eyJ2ZW5jb2RlX3RhZyI6Inhwdl9wcm9ncmVzc2l2ZS5JTlNUQUdSQU0uQ0xJUFMuQzMuNzIwLmRhc2hfYmFzZWxpbmVfMV92MSIsInhwdl9hc3NldF9pZCI6MTg4NjgyMTY1ODUyNTgxMSwidmlfdXNlY2FzZV9pZCI6MTAwOTksImR1cmF0aW9uX3MiOjcwLCJ1cmxnZW5fc291cmNlIjoid3d3In0%3D&ccb=17-1&vs=39c00162f1dbb29b&_nc_vs=HBksFQIYUmlnX3hwdl9yZWVsc19wZXJtYW5lbnRfc3JfcHJvZC8xRTQ0QjU3Q0UwQzNGNUZGNzc3MUZGQkEzNjk5NkQ5Ql92aWRlb19kYXNoaW5pdC5tcDQVAALIARIAFQIYOnBhc3N0aHJvdWdoX2V2ZXJzdG9yZS9HSzNiNng0dklCNmNPczhEQUV6MkV2QXk3UHB1YnFfRUFBQUYVAgLIARIAKAAYABsCiAd1c2Vfb2lsATEScHJvZ3Jlc3NpdmVfcmVjaXBlATEVAAAm5oGw67yD2gYVAigCQzMsF0BRt2yLQ5WBGBJkYXNoX2Jhc2VsaW5lXzFfdjERAHX-B2XmnQEA&_nc_zt=28&oh=00_AfVcgs9OAJZJ-jELaFadWZCA-k8N1i0AuVaHmplwN99hzw&oe=689B2D2D, https://instagram.fcgk38-1.fna.fbcdn.net/o1/v/t2/f2/m86/AQOmEkBINMLerU8OSYmJ6Ih1h08vQv_Z-267MnsQxGBMQaUWwj3Ugn1P89oDZfAVNadGZELYVRuk-6icr4f11N5_U1ibtPmGSi0j7R4.mp4?_nc_cat=108&_nc_oc=Admheqc9tYbeC7x7lodLWmXqtg98UFlgaV4GhNNLUcysyRP_A_punAfmrRPaoY8lbxEhUNd-eIAdQGGOeZyJK6zb&_nc_sid=5e9851&_nc_ht=instagram.fcgk38-1.fna.fbcdn.net&_nc_ohc=IW0flqgZ-8cQ7kNvwEeylGL&efg=eyJ2ZW5jb2RlX3RhZyI6Inhwdl9wcm9ncmVzc2l2ZS5JTlNUQUdSQU0uQ0xJUFMuQzMuNzIwLmRhc2hfYmFzZWxpbmVfMV92MSIsInhwdl9hc3NldF9pZCI6MTg4NjgyMTY1ODUyNTgxMSwidmlfdXNlY2FzZV9pZCI6MTAwOTksImR1cmF0aW9uX3MiOjcwLCJ1cmxnZW5fc291cmNlIjoid3d3In0%3D&ccb=17-1&vs=39c00162f1dbb29b&_nc_vs=HBksFQIYUmlnX3hwdl9yZWVsc19wZXJtYW5lbnRfc3JfcHJvZC8xRTQ0QjU3Q0UwQzNGNUZGNzc3MUZGQkEzNjk5NkQ5Ql92aWRlb19kYXNoaW5pdC5tcDQVAALIARIAFQIYOnBhc3N0aHJvdWdoX2V2ZXJzdG9yZS9HSzNiNng0dklCNmNPczhEQUV6MkV2QXk3UHB1YnFfRUFBQUYVAgLIARIAKAAYABsCiAd1c2Vfb2lsATEScHJvZ3Jlc3NpdmVfcmVjaXBlATEVAAAm5oGw67yD2gYVAigCQzMsF0BRt2yLQ5WBGBJkYXNoX2Jhc2VsaW5lXzFfdjERAHX-B2XmnQEA&_nc_zt=28&oh=00_AfVcgs9OAJZJ-jELaFadWZCA-k8N1i0AuVaHmplwN99hzw&oe=689B2D2D, https://instagram.fcgk38-1.fna.fbcdn.net/o1/v/t2/f2/m86/AQOmEkBINMLerU8OSYmJ6Ih1h08vQv_Z-267MnsQxGBMQaUWwj3Ugn1P89oDZfAVNadGZELYVRuk-6icr4f11N5_U1ibtPmGSi0j7R4.mp4?_nc_cat=108&_nc_oc=Admheqc9tYbeC7x7lodLWmXqtg98UFlgaV4GhNNLUcysyRP_A_punAfmrRPaoY8lbxEhUNd-eIAdQGGOeZyJK6zb&_nc_sid=5e9851&_nc_ht=instagram.fcgk38-1.fna.fbcdn.net&_nc_ohc=IW0flqgZ-8cQ7kNvwEeylGL&efg=eyJ2ZW5jb2RlX3RhZyI6Inhwdl9wcm9ncmVzc2l2ZS5JTlNUQUdSQU0uQ0xJUFMuQzMuNzIwLmRhc2hfYmFzZWxpbmVfMV92MSIsInhwdl9hc3NldF9pZCI6MTg4NjgyMTY1ODUyNTgxMSwidmlfdXNlY2FzZV9pZCI6MTAwOTksImR1cmF0aW9uX3MiOjcwLCJ1cmxnZW5fc291cmNlIjoid3d3In0%3D&ccb=17-1&vs=39c00162f1dbb29b&_nc_vs=HBksFQIYUmlnX3hwdl9yZWVsc19wZXJtYW5lbnRfc3JfcHJvZC8xRTQ0QjU3Q0UwQzNGNUZGNzc3MUZGQkEzNjk5NkQ5Ql92aWRlb19kYXNoaW5pdC5tcDQVAALIARIAFQIYOnBhc3N0aHJvdWdoX2V2ZXJzdG9yZS9HSzNiNng0dklCNmNPczhEQUV6MkV2QXk3UHB1YnFfRUFBQUYVAgLIARIAKAAYABsCiAd1c2Vfb2lsATEScHJvZ3Jlc3NpdmVfcmVjaXBlATEVAAAm5oGw67yD2gYVAigCQzMsF0BRt2yLQ5WBGBJkYXNoX2Jhc2VsaW5lXzFfdjERAHX-B2XmnQEA&_nc_zt=28&oh=00_AfVcgs9OAJZJ-jELaFadWZCA-k8N1i0AuVaHmplwN99hzw&oe=689B2D2D",,,,,,,,
165,166,https://www.instagram.com/reel/DM0ChALScuv/?igsh=MWphajVsYzFvMWcydg==,,,,,,,,
166,167,https://www.instagram.com/reel/DIyUyveT0SA/?igsh=ZTEyaGRjc2dpZzhi,Video by dr.monica.dr,"Ini juga berlaku bagi yg sudah berkerut ya, jangan sampai kondisi wajah dehidrasi, karena akan memperparah tampilan bopeng serta kerutan kecil di wajah kalian.

Note:
Bopeng tidak bisa hilang.
Treatment dapat membantu tapi tidak bisa meratakan permukaannya seperti sediakala. 

#kecantikan #bopeng #edukasi",31.9,392.0,1745405462.0,mp4a.40.5,79.683,44100.0
167,168,https://www.instagram.com/reel/DNIfBeBzlo_/?igsh=YTg3cW1zY3Eyd3dy,Video by yessicaaang,"Balik lagi ke basic skincare yang gentleğŸ¤

#CeraVeID #ClearItUpLikeADerm",31.833,39.0,1754739102.0,mp4a.40.5,58.153,44100.0
168,169,"https://instagram.fcgk8-1.fna.fbcdn.net/o1/v/t2/f2/m86/AQP6HDfQjZz7SRs_2z2nBaaSuHiQN9ydTUzRawsVrJbVek-MLSE2zEIJEcaws0RUC0VVxoz9I4VKdaBRo0x9wmNwQPGy9iNApUZgF2Q.mp4?_nc_cat=111&_nc_oc=AdmTtm8eZR1PXSXclXxw9G6N5Rb9Q3BempUwIOcLhivS7mqd2wUWvHdHQUzSD_T55O_RyioFtNaPFI5a37YU5hgp&_nc_sid=5e9851&_nc_ht=instagram.fcgk8-1.fna.fbcdn.net&_nc_ohc=Fq6NAX_hfyMQ7kNvwFhNhAg&efg=eyJ2ZW5jb2RlX3RhZyI6Inhwdl9wcm9ncmVzc2l2ZS5JTlNUQUdSQU0uQ0xJUFMuQzMuMTI3OC5kYXNoX2Jhc2VsaW5lXzFfdjEiLCJ4cHZfYXNzZXRfaWQiOjI3ODE5NDg4ODUzMDg4NjQsInZpX3VzZWNhc2VfaWQiOjEwMDk5LCJkdXJhdGlvbl9zIjoxMDUsInVybGdlbl9zb3VyY2UiOiJ3d3cifQ%3D%3D&ccb=17-1&vs=9b8e2f376d2dcee1&_nc_vs=HBksFQIYUmlnX3hwdl9yZWVsc19wZXJtYW5lbnRfc3JfcHJvZC9ENjQwNUUzNDg3NUEzMkNBQjNBNEQ2RTk5ODVDMTk5OV92aWRlb19kYXNoaW5pdC5tcDQVAALIARIAFQIYOnBhc3N0aHJvdWdoX2V2ZXJzdG9yZS9HUEhqWFI5Nm1rbXNfc1lIQU1MTTNybXZSZlVJYnFfRUFBQUYVAgLIARIAKAAYABsCiAd1c2Vfb2lsATEScHJvZ3Jlc3NpdmVfcmVjaXBlATEVAAAmgNe8sd6K8QkVAigCQzMsF0BaeZmZmZmaGBJkYXNoX2Jhc2VsaW5lXzFfdjERAHX-B2XmnQEA&_nc_gid=yKFMa1EztZvjZ3uABwn3HA&_nc_zt=28&oh=00_AfVmwLS0dRYhn882VChf5KBvv3NKost8EiVBPGcll8dBwg&oe=689B57D8, https://instagram.fcgk8-1.fna.fbcdn.net/o1/v/t2/f2/m86/AQP6HDfQjZz7SRs_2z2nBaaSuHiQN9ydTUzRawsVrJbVek-MLSE2zEIJEcaws0RUC0VVxoz9I4VKdaBRo0x9wmNwQPGy9iNApUZgF2Q.mp4?_nc_cat=111&_nc_oc=AdmTtm8eZR1PXSXclXxw9G6N5Rb9Q3BempUwIOcLhivS7mqd2wUWvHdHQUzSD_T55O_RyioFtNaPFI5a37YU5hgp&_nc_sid=5e9851&_nc_ht=instagram.fcgk8-1.fna.fbcdn.net&_nc_ohc=Fq6NAX_hfyMQ7kNvwFhNhAg&efg=eyJ2ZW5jb2RlX3RhZyI6Inhwdl9wcm9ncmVzc2l2ZS5JTlNUQUdSQU0uQ0xJUFMuQzMuMTI3OC5kYXNoX2Jhc2VsaW5lXzFfdjEiLCJ4cHZfYXNzZXRfaWQiOjI3ODE5NDg4ODUzMDg4NjQsInZpX3VzZWNhc2VfaWQiOjEwMDk5LCJkdXJhdGlvbl9zIjoxMDUsInVybGdlbl9zb3VyY2UiOiJ3d3cifQ%3D%3D&ccb=17-1&vs=9b8e2f376d2dcee1&_nc_vs=HBksFQIYUmlnX3hwdl9yZWVsc19wZXJtYW5lbnRfc3JfcHJvZC9ENjQwNUUzNDg3NUEzMkNBQjNBNEQ2RTk5ODVDMTk5OV92aWRlb19kYXNoaW5pdC5tcDQVAALIARIAFQIYOnBhc3N0aHJvdWdoX2V2ZXJzdG9yZS9HUEhqWFI5Nm1rbXNfc1lIQU1MTTNybXZSZlVJYnFfRUFBQUYVAgLIARIAKAAYABsCiAd1c2Vfb2lsATEScHJvZ3Jlc3NpdmVfcmVjaXBlATEVAAAmgNe8sd6K8QkVAigCQzMsF0BaeZmZmZmaGBJkYXNoX2Jhc2VsaW5lXzFfdjERAHX-B2XmnQEA&_nc_gid=yKFMa1EztZvjZ3uABwn3HA&_nc_zt=28&oh=00_AfVmwLS0dRYhn882VChf5KBvv3NKost8EiVBPGcll8dBwg&oe=689B57D8, https://instagram.fcgk8-1.fna.fbcdn.net/o1/v/t2/f2/m86/AQP6HDfQjZz7SRs_2z2nBaaSuHiQN9ydTUzRawsVrJbVek-MLSE2zEIJEcaws0RUC0VVxoz9I4VKdaBRo0x9wmNwQPGy9iNApUZgF2Q.mp4?_nc_cat=111&_nc_oc=AdmTtm8eZR1PXSXclXxw9G6N5Rb9Q3BempUwIOcLhivS7mqd2wUWvHdHQUzSD_T55O_RyioFtNaPFI5a37YU5hgp&_nc_sid=5e9851&_nc_ht=instagram.fcgk8-1.fna.fbcdn.net&_nc_ohc=Fq6NAX_hfyMQ7kNvwFhNhAg&efg=eyJ2ZW5jb2RlX3RhZyI6Inhwdl9wcm9ncmVzc2l2ZS5JTlNUQUdSQU0uQ0xJUFMuQzMuMTI3OC5kYXNoX2Jhc2VsaW5lXzFfdjEiLCJ4cHZfYXNzZXRfaWQiOjI3ODE5NDg4ODUzMDg4NjQsInZpX3VzZWNhc2VfaWQiOjEwMDk5LCJkdXJhdGlvbl9zIjoxMDUsInVybGdlbl9zb3VyY2UiOiJ3d3cifQ%3D%3D&ccb=17-1&vs=9b8e2f376d2dcee1&_nc_vs=HBksFQIYUmlnX3hwdl9yZWVsc19wZXJtYW5lbnRfc3JfcHJvZC9ENjQwNUUzNDg3NUEzMkNBQjNBNEQ2RTk5ODVDMTk5OV92aWRlb19kYXNoaW5pdC5tcDQVAALIARIAFQIYOnBhc3N0aHJvdWdoX2V2ZXJzdG9yZS9HUEhqWFI5Nm1rbXNfc1lIQU1MTTNybXZSZlVJYnFfRUFBQUYVAgLIARIAKAAYABsCiAd1c2Vfb2lsATEScHJvZ3Jlc3NpdmVfcmVjaXBlATEVAAAmgNe8sd6K8QkVAigCQzMsF0BaeZmZmZmaGBJkYXNoX2Jhc2VsaW5lXzFfdjERAHX-B2XmnQEA&_nc_gid=yKFMa1EztZvjZ3uABwn3HA&_nc_zt=28&oh=00_AfVmwLS0dRYhn882VChf5KBvv3NKost8EiVBPGcll8dBwg&oe=689B57D8",,,,,,,,
169,170,"https://instagram.fcgk38-1.fna.fbcdn.net/o1/v/t2/f2/m86/AQN_zYx0y2arbT_hsqxzaVahpPYwzIiu2fb8Mn3wxx7e5ap5_iwRJwBdtPzy5CDXxDqslabGCXsv8lnHOMaFORBSKBO3drsnlfvi4mY.mp4?_nc_cat=103&_nc_oc=Adn07imuhlnEp9PT4pLBDcR79M6E-ake0kCHNoCDmUHxbkfTgxF9oH_X--cLaOxain4QpV6l6QuuBJ1EvoIuYgS8&_nc_sid=5e9851&_nc_ht=instagram.fcgk38-1.fna.fbcdn.net&_nc_ohc=3Buz1nY5I7AQ7kNvwF79gw-&efg=eyJ2ZW5jb2RlX3RhZyI6Inhwdl9wcm9ncmVzc2l2ZS5JTlNUQUdSQU0uQ0xJUFMuQzMuNzIwLmRhc2hfYmFzZWxpbmVfMV92MSIsInhwdl9hc3NldF9pZCI6MTk1ODQ0NDE2MTU3ODU1NCwidmlfdXNlY2FzZV9pZCI6MTAwOTksImR1cmF0aW9uX3MiOjM5LCJ1cmxnZW5fc291cmNlIjoid3d3In0%3D&ccb=17-1&vs=d67b066dcecfa0db&_nc_vs=HBksFQIYUmlnX3hwdl9yZWVsc19wZXJtYW5lbnRfc3JfcHJvZC8wNzQ4Nzc2QjEwODc5MEVEQTZFMjdCNkRFNjdGNzY5RV92aWRlb19kYXNoaW5pdC5tcDQVAALIARIAFQIYOnBhc3N0aHJvdWdoX2V2ZXJzdG9yZS9HTEx0OVI0UGlXQmdZT01FQVBWSEVROGhoNjViYnFfRUFBQUYVAgLIARIAKAAYABsCiAd1c2Vfb2lsATEScHJvZ3Jlc3NpdmVfcmVjaXBlATEVAAAm9NiBibrM-gYVAigCQzMsF0BDrtkWhysCGBJkYXNoX2Jhc2VsaW5lXzFfdjERAHX-B2XmnQEA&_nc_gid=Pp0OH6qhovJrRCwYgrIvEA&_nc_zt=28&oh=00_AfV6zOtn6qcTTWuGCxDNut2rrK7IdnUEBkIwn8wMMSFvbA&oe=689B4570, https://instagram.fcgk38-1.fna.fbcdn.net/o1/v/t2/f2/m86/AQN_zYx0y2arbT_hsqxzaVahpPYwzIiu2fb8Mn3wxx7e5ap5_iwRJwBdtPzy5CDXxDqslabGCXsv8lnHOMaFORBSKBO3drsnlfvi4mY.mp4?_nc_cat=103&_nc_oc=Adn07imuhlnEp9PT4pLBDcR79M6E-ake0kCHNoCDmUHxbkfTgxF9oH_X--cLaOxain4QpV6l6QuuBJ1EvoIuYgS8&_nc_sid=5e9851&_nc_ht=instagram.fcgk38-1.fna.fbcdn.net&_nc_ohc=3Buz1nY5I7AQ7kNvwF79gw-&efg=eyJ2ZW5jb2RlX3RhZyI6Inhwdl9wcm9ncmVzc2l2ZS5JTlNUQUdSQU0uQ0xJUFMuQzMuNzIwLmRhc2hfYmFzZWxpbmVfMV92MSIsInhwdl9hc3NldF9pZCI6MTk1ODQ0NDE2MTU3ODU1NCwidmlfdXNlY2FzZV9pZCI6MTAwOTksImR1cmF0aW9uX3MiOjM5LCJ1cmxnZW5fc291cmNlIjoid3d3In0%3D&ccb=17-1&vs=d67b066dcecfa0db&_nc_vs=HBksFQIYUmlnX3hwdl9yZWVsc19wZXJtYW5lbnRfc3JfcHJvZC8wNzQ4Nzc2QjEwODc5MEVEQTZFMjdCNkRFNjdGNzY5RV92aWRlb19kYXNoaW5pdC5tcDQVAALIARIAFQIYOnBhc3N0aHJvdWdoX2V2ZXJzdG9yZS9HTEx0OVI0UGlXQmdZT01FQVBWSEVROGhoNjViYnFfRUFBQUYVAgLIARIAKAAYABsCiAd1c2Vfb2lsATEScHJvZ3Jlc3NpdmVfcmVjaXBlATEVAAAm9NiBibrM-gYVAigCQzMsF0BDrtkWhysCGBJkYXNoX2Jhc2VsaW5lXzFfdjERAHX-B2XmnQEA&_nc_gid=Pp0OH6qhovJrRCwYgrIvEA&_nc_zt=28&oh=00_AfV6zOtn6qcTTWuGCxDNut2rrK7IdnUEBkIwn8wMMSFvbA&oe=689B4570, https://instagram.fcgk38-1.fna.fbcdn.net/o1/v/t2/f2/m86/AQN_zYx0y2arbT_hsqxzaVahpPYwzIiu2fb8Mn3wxx7e5ap5_iwRJwBdtPzy5CDXxDqslabGCXsv8lnHOMaFORBSKBO3drsnlfvi4mY.mp4?_nc_cat=103&_nc_oc=Adn07imuhlnEp9PT4pLBDcR79M6E-ake0kCHNoCDmUHxbkfTgxF9oH_X--cLaOxain4QpV6l6QuuBJ1EvoIuYgS8&_nc_sid=5e9851&_nc_ht=instagram.fcgk38-1.fna.fbcdn.net&_nc_ohc=3Buz1nY5I7AQ7kNvwF79gw-&efg=eyJ2ZW5jb2RlX3RhZyI6Inhwdl9wcm9ncmVzc2l2ZS5JTlNUQUdSQU0uQ0xJUFMuQzMuNzIwLmRhc2hfYmFzZWxpbmVfMV92MSIsInhwdl9hc3NldF9pZCI6MTk1ODQ0NDE2MTU3ODU1NCwidmlfdXNlY2FzZV9pZCI6MTAwOTksImR1cmF0aW9uX3MiOjM5LCJ1cmxnZW5fc291cmNlIjoid3d3In0%3D&ccb=17-1&vs=d67b066dcecfa0db&_nc_vs=HBksFQIYUmlnX3hwdl9yZWVsc19wZXJtYW5lbnRfc3JfcHJvZC8wNzQ4Nzc2QjEwODc5MEVEQTZFMjdCNkRFNjdGNzY5RV92aWRlb19kYXNoaW5pdC5tcDQVAALIARIAFQIYOnBhc3N0aHJvdWdoX2V2ZXJzdG9yZS9HTEx0OVI0UGlXQmdZT01FQVBWSEVROGhoNjViYnFfRUFBQUYVAgLIARIAKAAYABsCiAd1c2Vfb2lsATEScHJvZ3Jlc3NpdmVfcmVjaXBlATEVAAAm9NiBibrM-gYVAigCQzMsF0BDrtkWhysCGBJkYXNoX2Jhc2VsaW5lXzFfdjERAHX-B2XmnQEA&_nc_gid=Pp0OH6qhovJrRCwYgrIvEA&_nc_zt=28&oh=00_AfV6zOtn6qcTTWuGCxDNut2rrK7IdnUEBkIwn8wMMSFvbA&oe=689B4570",,,,,,,,
170,171,"https://scontent-cgk2-2.cdninstagram.com/o1/v/t2/f2/m86/AQNrncuAML1bATywJCW80-_43gc836HJQvpOEoqo4UmaQPix9DJ9ePRxesamoE85vKW2l7e2MWQkx3qXnPevLmpv3XMKMeQ0Rd5VoIM.mp4?_nc_cat=105&_nc_sid=5e9851&_nc_ht=scontent-cgk2-2.cdninstagram.com&_nc_ohc=wTNdvF_Q89cQ7kNvwFX7W3_&efg=eyJ2ZW5jb2RlX3RhZyI6Inhwdl9wcm9ncmVzc2l2ZS5JTlNUQUdSQU0uQ0xJUFMuQzMuNzIwLmRhc2hfYmFzZWxpbmVfMV92MSIsInhwdl9hc3NldF9pZCI6NDI3MTMwMjMyMzEwNjAxMiwidmlfdXNlY2FzZV9pZCI6MTAwOTksImR1cmF0aW9uX3MiOjgzLCJ1cmxnZW5fc291cmNlIjoid3d3In0%3D&ccb=17-1&vs=7bc8ec3e30b857f9&_nc_vs=HBksFQIYUmlnX3hwdl9yZWVsc19wZXJtYW5lbnRfc3JfcHJvZC8wNDQ5NzE2REVFQzI1MDAyMDQ3NDI4MEVCOEE5NTlBMF92aWRlb19kYXNoaW5pdC5tcDQVAALIARIAFQIYOnBhc3N0aHJvdWdoX2V2ZXJzdG9yZS9HSWhDVng5bTRUMHowWmdFQUh2LVdfZXJPX3dvYnFfRUFBQUYVAgLIARIAKAAYABsCiAd1c2Vfb2lsATEScHJvZ3Jlc3NpdmVfcmVjaXBlATEVAAAmuMOTm8Kulg8VAigCQzMsF0BU7MzMzMzNGBJkYXNoX2Jhc2VsaW5lXzFfdjERAHX-B2XmnQEA&_nc_zt=28&oh=00_AfUGDWJAug1PMMrJGXkInj3GKG6xkyjyepRTqhiaqY2hpA&oe=689B7082, https://scontent-cgk2-2.cdninstagram.com/o1/v/t2/f2/m86/AQNrncuAML1bATywJCW80-_43gc836HJQvpOEoqo4UmaQPix9DJ9ePRxesamoE85vKW2l7e2MWQkx3qXnPevLmpv3XMKMeQ0Rd5VoIM.mp4?_nc_cat=105&_nc_sid=5e9851&_nc_ht=scontent-cgk2-2.cdninstagram.com&_nc_ohc=wTNdvF_Q89cQ7kNvwFX7W3_&efg=eyJ2ZW5jb2RlX3RhZyI6Inhwdl9wcm9ncmVzc2l2ZS5JTlNUQUdSQU0uQ0xJUFMuQzMuNzIwLmRhc2hfYmFzZWxpbmVfMV92MSIsInhwdl9hc3NldF9pZCI6NDI3MTMwMjMyMzEwNjAxMiwidmlfdXNlY2FzZV9pZCI6MTAwOTksImR1cmF0aW9uX3MiOjgzLCJ1cmxnZW5fc291cmNlIjoid3d3In0%3D&ccb=17-1&vs=7bc8ec3e30b857f9&_nc_vs=HBksFQIYUmlnX3hwdl9yZWVsc19wZXJtYW5lbnRfc3JfcHJvZC8wNDQ5NzE2REVFQzI1MDAyMDQ3NDI4MEVCOEE5NTlBMF92aWRlb19kYXNoaW5pdC5tcDQVAALIARIAFQIYOnBhc3N0aHJvdWdoX2V2ZXJzdG9yZS9HSWhDVng5bTRUMHowWmdFQUh2LVdfZXJPX3dvYnFfRUFBQUYVAgLIARIAKAAYABsCiAd1c2Vfb2lsATEScHJvZ3Jlc3NpdmVfcmVjaXBlATEVAAAmuMOTm8Kulg8VAigCQzMsF0BU7MzMzMzNGBJkYXNoX2Jhc2VsaW5lXzFfdjERAHX-B2XmnQEA&_nc_zt=28&oh=00_AfUGDWJAug1PMMrJGXkInj3GKG6xkyjyepRTqhiaqY2hpA&oe=689B7082, https://scontent-cgk2-2.cdninstagram.com/o1/v/t2/f2/m86/AQNrncuAML1bATywJCW80-_43gc836HJQvpOEoqo4UmaQPix9DJ9ePRxesamoE85vKW2l7e2MWQkx3qXnPevLmpv3XMKMeQ0Rd5VoIM.mp4?_nc_cat=105&_nc_sid=5e9851&_nc_ht=scontent-cgk2-2.cdninstagram.com&_nc_ohc=wTNdvF_Q89cQ7kNvwFX7W3_&efg=eyJ2ZW5jb2RlX3RhZyI6Inhwdl9wcm9ncmVzc2l2ZS5JTlNUQUdSQU0uQ0xJUFMuQzMuNzIwLmRhc2hfYmFzZWxpbmVfMV92MSIsInhwdl9hc3NldF9pZCI6NDI3MTMwMjMyMzEwNjAxMiwidmlfdXNlY2FzZV9pZCI6MTAwOTksImR1cmF0aW9uX3MiOjgzLCJ1cmxnZW5fc291cmNlIjoid3d3In0%3D&ccb=17-1&vs=7bc8ec3e30b857f9&_nc_vs=HBksFQIYUmlnX3hwdl9yZWVsc19wZXJtYW5lbnRfc3JfcHJvZC8wNDQ5NzE2REVFQzI1MDAyMDQ3NDI4MEVCOEE5NTlBMF92aWRlb19kYXNoaW5pdC5tcDQVAALIARIAFQIYOnBhc3N0aHJvdWdoX2V2ZXJzdG9yZS9HSWhDVng5bTRUMHowWmdFQUh2LVdfZXJPX3dvYnFfRUFBQUYVAgLIARIAKAAYABsCiAd1c2Vfb2lsATEScHJvZ3Jlc3NpdmVfcmVjaXBlATEVAAAmuMOTm8Kulg8VAigCQzMsF0BU7MzMzMzNGBJkYXNoX2Jhc2VsaW5lXzFfdjERAHX-B2XmnQEA&_nc_zt=28&oh=00_AfUGDWJAug1PMMrJGXkInj3GKG6xkyjyepRTqhiaqY2hpA&oe=689B7082",,,,,,,,
171,172,"https://scontent-cgk1-2.cdninstagram.com/o1/v/t2/f2/m86/AQPgqptglHB1Bj0s2Z6p5TLy4snDQMA30S_zn6SQDRcmnhz9BpcXFKrkQ3rnlnjl641jEl07Fi6Nzir0uuzT_ihH7Fg2pxiPx5pTacI.mp4?_nc_cat=111&_nc_sid=5e9851&_nc_ht=scontent-cgk1-2.cdninstagram.com&_nc_ohc=DWcNE94vkYEQ7kNvwEQgqwG&efg=eyJ2ZW5jb2RlX3RhZyI6Inhwdl9wcm9ncmVzc2l2ZS5JTlNUQUdSQU0uQ0xJUFMuQzMuNzIwLmRhc2hfYmFzZWxpbmVfMV92MSIsInhwdl9hc3NldF9pZCI6NzcwMzg0NTMyMjM1OTkxLCJ2aV91c2VjYXNlX2lkIjoxMDA5OSwiZHVyYXRpb25fcyI6NTQsInVybGdlbl9zb3VyY2UiOiJ3d3cifQ%3D%3D&ccb=17-1&vs=31d4ef72734f7e23&_nc_vs=HBksFQIYUmlnX3hwdl9yZWVsc19wZXJtYW5lbnRfc3JfcHJvZC9GQjRCNkM4MTM1N0IzQzBBNjkxOUFCRDY0MDY5MkZBNl92aWRlb19kYXNoaW5pdC5tcDQVAALIARIAFQIYOnBhc3N0aHJvdWdoX2V2ZXJzdG9yZS9HTDY3alJfTE9OTzRTVVVGQUttOGFBZlBYLXd2YnFfRUFBQUYVAgLIARIAKAAYABsCiAd1c2Vfb2lsATEScHJvZ3Jlc3NpdmVfcmVjaXBlATEVAAAmrpuThqSq3gIVAigCQzMsF0BLTMzMzMzNGBJkYXNoX2Jhc2VsaW5lXzFfdjERAHX-B2XmnQEA&_nc_gid=yIY0ergPnOKuwJYHshc1MQ&_nc_zt=28&oh=00_AfXja2nBgEvFtnLOsrZoBo_5nCV7vfn2i9JvqAVRHs5FgA&oe=689B7DC8, https://scontent-cgk1-2.cdninstagram.com/o1/v/t2/f2/m86/AQPgqptglHB1Bj0s2Z6p5TLy4snDQMA30S_zn6SQDRcmnhz9BpcXFKrkQ3rnlnjl641jEl07Fi6Nzir0uuzT_ihH7Fg2pxiPx5pTacI.mp4?_nc_cat=111&_nc_sid=5e9851&_nc_ht=scontent-cgk1-2.cdninstagram.com&_nc_ohc=DWcNE94vkYEQ7kNvwEQgqwG&efg=eyJ2ZW5jb2RlX3RhZyI6Inhwdl9wcm9ncmVzc2l2ZS5JTlNUQUdSQU0uQ0xJUFMuQzMuNzIwLmRhc2hfYmFzZWxpbmVfMV92MSIsInhwdl9hc3NldF9pZCI6NzcwMzg0NTMyMjM1OTkxLCJ2aV91c2VjYXNlX2lkIjoxMDA5OSwiZHVyYXRpb25fcyI6NTQsInVybGdlbl9zb3VyY2UiOiJ3d3cifQ%3D%3D&ccb=17-1&vs=31d4ef72734f7e23&_nc_vs=HBksFQIYUmlnX3hwdl9yZWVsc19wZXJtYW5lbnRfc3JfcHJvZC9GQjRCNkM4MTM1N0IzQzBBNjkxOUFCRDY0MDY5MkZBNl92aWRlb19kYXNoaW5pdC5tcDQVAALIARIAFQIYOnBhc3N0aHJvdWdoX2V2ZXJzdG9yZS9HTDY3alJfTE9OTzRTVVVGQUttOGFBZlBYLXd2YnFfRUFBQUYVAgLIARIAKAAYABsCiAd1c2Vfb2lsATEScHJvZ3Jlc3NpdmVfcmVjaXBlATEVAAAmrpuThqSq3gIVAigCQzMsF0BLTMzMzMzNGBJkYXNoX2Jhc2VsaW5lXzFfdjERAHX-B2XmnQEA&_nc_gid=yIY0ergPnOKuwJYHshc1MQ&_nc_zt=28&oh=00_AfXja2nBgEvFtnLOsrZoBo_5nCV7vfn2i9JvqAVRHs5FgA&oe=689B7DC8, https://scontent-cgk1-2.cdninstagram.com/o1/v/t2/f2/m86/AQPgqptglHB1Bj0s2Z6p5TLy4snDQMA30S_zn6SQDRcmnhz9BpcXFKrkQ3rnlnjl641jEl07Fi6Nzir0uuzT_ihH7Fg2pxiPx5pTacI.mp4?_nc_cat=111&_nc_sid=5e9851&_nc_ht=scontent-cgk1-2.cdninstagram.com&_nc_ohc=DWcNE94vkYEQ7kNvwEQgqwG&efg=eyJ2ZW5jb2RlX3RhZyI6Inhwdl9wcm9ncmVzc2l2ZS5JTlNUQUdSQU0uQ0xJUFMuQzMuNzIwLmRhc2hfYmFzZWxpbmVfMV92MSIsInhwdl9hc3NldF9pZCI6NzcwMzg0NTMyMjM1OTkxLCJ2aV91c2VjYXNlX2lkIjoxMDA5OSwiZHVyYXRpb25fcyI6NTQsInVybGdlbl9zb3VyY2UiOiJ3d3cifQ%3D%3D&ccb=17-1&vs=31d4ef72734f7e23&_nc_vs=HBksFQIYUmlnX3hwdl9yZWVsc19wZXJtYW5lbnRfc3JfcHJvZC9GQjRCNkM4MTM1N0IzQzBBNjkxOUFCRDY0MDY5MkZBNl92aWRlb19kYXNoaW5pdC5tcDQVAALIARIAFQIYOnBhc3N0aHJvdWdoX2V2ZXJzdG9yZS9HTDY3alJfTE9OTzRTVVVGQUttOGFBZlBYLXd2YnFfRUFBQUYVAgLIARIAKAAYABsCiAd1c2Vfb2lsATEScHJvZ3Jlc3NpdmVfcmVjaXBlATEVAAAmrpuThqSq3gIVAigCQzMsF0BLTMzMzMzNGBJkYXNoX2Jhc2VsaW5lXzFfdjERAHX-B2XmnQEA&_nc_gid=yIY0ergPnOKuwJYHshc1MQ&_nc_zt=28&oh=00_AfXja2nBgEvFtnLOsrZoBo_5nCV7vfn2i9JvqAVRHs5FgA&oe=689B7DC8",,,,,,,,
172,173,https://www.instagram.com/reel/DMWy5PEy4xZ/?utm_source=ig_web_copy_link&igsh=MzRlODBiNWFlZA==,Video by cryptowaveid,Gabriel Rey mau menjadikan Indonesia sebagai pusat Bitcoin di Asia Tenggara.,83.682,8278.0,1753071649.0,mp4a.40.5,49.763,44100.0
173,174,https://www.instagram.com/reel/DLL9bDXJTB_/?utm_source=ig_web_copy_link&igsh=MzRlODBiNWFlZA==,Video by gabrielrey99,"Kok bisa perang Iran - Israel bikin harga minyak melonjak?!

Selengkapnya di YouTube Cryptowave!",47.067,6191.0,1750560579.0,mp4a.40.5,55.858,44100.0
174,175,https://www.instagram.com/reel/DKOlWzzyNtF/?utm_source=ig_web_copy_link&igsh=MzRlODBiNWFlZA==,Video by cryptowaveid,"Gibran menyebut bahwa Pemerintah Prabowo mendukung penuh perkembangan Ekosistem Digital mulai dari Blockchain hingga AI.

Video: Gibran Rakabuming",39.366,7365.0,1748501416.0,mp4a.40.5,64.582,44100.0
175,176,https://www.instagram.com/reel/DF_rs9LByYo/?utm_source=ig_web_copy_link&igsh=MzRlODBiNWFlZA==,Video by stockwise.id,"Ada â€œraja kecilâ€ yang berani melawan presiden Prabowo?
#saham #sahamindonesia #beritasaham #sahampemula #sahamsyariah #belajarsaham",53.633,485.0,1739411210.0,mp4a.40.5,51.224,44100.0
176,177,https://www.instagram.com/reel/DNF9aDySWYe/?utm_source=ig_web_copy_link&igsh=MzRlODBiNWFlZA==,Video by aniesbaswedan,"Dalam episode #AniesBacaBuku kali ini, kita membahas karya legendaris Sekolah Itu Candu dari Roem Topatimasang. 

Buku tipis ini menyimpan ide-ide besar yang mengajak kita mempertanyakan kembali sistem pendidikan formal, dari sejarahnya, filosofi di baliknya, hingga kritik terhadap kekakuannya. Ditulis dengan gaya ringan dan dialog mengalir, buku ini memancing pembacanya untuk berpikir kritis dan membuka perspektif baru tentang tujuan sejati pendidikan.

Tonton selengkapnya hanya di Youtube Anies Baswedan.",49.733,15264.0,1754654410.0,mp4a.40.5,67.061,44100.0
177,178,https://www.instagram.com/reel/DMlzuuJBCqm/?utm_source=ig_web_copy_link&igsh=MzRlODBiNWFlZA==,Video by leonhartono,"Sebelum ngomongin dosa, seorang koruptor harusnya ingat kalau dia akan kasih sejarah kotor buat anak dan cucunya nanti.",98.987,23543.0,1753575408.0,mp4a.40.5,69.635,44100.0
178,179,https://www.instagram.com/reel/DKOArYwti9c/?utm_source=ig_web_copy_link&igsh=MzRlODBiNWFlZA==,Video by leonhartono,Menurut pak @basukibtp UU Perampasan Aset itu belum tentu jadi hukum yang manjur untuk korupsi di Indonesia,83.966,13203.0,1748481900.0,mp4a.40.5,59.351,44100.0
179,180,https://www.instagram.com/reel/DGPWEjaTtAS/?utm_source=ig_web_copy_link,Video by gayo_lensa,"Kabur aja dulu ..
#Repost @variasirasa_ 
â€”â€”

Source: @_reyachmad | Youtube/Total Politik
.
#kaburajadulu #reells #lbp #fyppppppppppppppppppppppppppppppppppppppppppppppppppppppppppppppppppppppl",98.433,625.0,1739936945.0,mp4a.40.5,72.506,44100.0
180,181,https://www.instagram.com/reel/DM-UeIaPURj/?utm_source=ig_web_copy_link&igsh=MzRlODBiNWFlZA==,Video by hotmanparisofficial,Tunggu Hotman di jogja,23.5,1015.0,1754397825.0,mp4a.40.5,53.787,44100.0
181,182,https://www.instagram.com/reel/DM99ottvLix/?utm_source=ig_web_copy_link&igsh=MzRlODBiNWFlZA==,Video by hotmanparisofficial,,75.466,2178.0,1754388724.0,mp4a.40.5,73.64,44100.0
182,183,https://www.instagram.com/reel/DMzERt8T3YK/?utm_source=ig_web_copy_link,Video by hotmanparisofficial,"Pemberi tugas Negara (Tom Lembong) telah diberikan abolisi maka 8 perusahaan swasta (yang menerima penugasan negara untuk impor gula) demi hukum layak untuk diberikan juga abolisi karena 8 perusahaan swasta ini hanyalah pelaksana tugas negara untuk memenuhi kebutuhan gula bagi 280 juta penduduk Indonesia. Sebagai pelaksanaan dari penugasan ini, 8 perusahaan swasta ini mengimpor dan produksi gula jadi dan dijual ke negara cq BUMN PT PPI seharga 9000 per kg, jauh lebih murah dibanding apabila negara cq PT PPI membeli gula dari pasar lelang yang harga lelang gula sudah Rp 12000 per kg sedangkan harga eceran sudah mendekati Rp 15000 per kg. Jadi Tom Lembong (pemberi tugas) dan 8 perusahaan swasta penerima tugas (para terdakwa) melakukan perbuatan terpuji yg menguntungkan negara dan rakyat Indonesia.",153.04,25939.0,1754020526.0,mp4a.40.5,68.341,44100.0
183,184,https://drive.google.com/file/d/1mLN0aGbjgAFOkC4hQXo_vR20cHVlP05A/view?usp=drive_link,Gua berasa kasihan bener buat anak anak yang dibawa ke barak militer utk dibina.#felixzulhendrip.mp4,,51.0,,,,,
184,185,https://drive.google.com/file/d/1hqV23imz-CZ1PvjD5D6VBYAfKMcnQsl6/view?usp=drive_link,HeheheheheğŸ™‚ğŸ™ğŸ»Pre-order cetakan ke-5 SEKARANG di ğŸ”—linktr.ee-makanyamikirâœ¨Semua yang PO dapat .mp4,,112.0,,,,,
185,186,https://drive.google.com/file/d/1lWWp2V4PPrrCe5oqFnES74tQraNiNl2I/view?usp=drive_link,Mau bahas lagi soal TBC- tuberculosis #felixzulhendriphd.mp4,,108.0,,,,,
186,187,https://drive.google.com/file/d/1xdNwtzW3NkRnczPZMlvWKNiXK0AVOb8q/view?usp=drive_link,Satu fakta soal serat yang buat gua jadi jarang konsumsi jus jus an. #felixzulhendriphd Common s.mp4,,111.0,,,,,
187,188,https://drive.google.com/file/d/1Szy2uHW3fbw_8cXU9dd3gVhnMMyKQwbE/view?usp=drive_link,"Sudah direspon @shakiraamirah di tiktok. Jadi gua stitch dan respon balik. Lanjutan- Stevia, Dia.mp4",,160.0,,,,,
188,189,https://drive.google.com/file/d/1UoIpEESJpYhl6ktsFX0l1Q_lGS2JQE4a/view?usp=drive_link,Tujuan gua ngegym-1. Jadi manusia paling goblok2. Ga gampang cedera waktu ngerjain olahraga gobl.mp4,,55.0,,,,,
189,190,https://drive.google.com/file/d/1NIWRtQwRup1CXoykRSIJBBAvrMr-Ochv/view?usp=drive_link,Whatâ€™s another sick Indonesian superhero nameFull episode with historian Peter Carey on WIUI You.mp4,,66.0,,,,,
190,191,https://drive.google.com/file/d/1DSfKv-iiVhftQ6Cz3v_qu7pop9WfQvWO/view?usp=drive_link,ğŸƒ Ini Alasan Kenapa Gula Stevia Adalah Pilihan Terbaik!Dalam podcast dr. Tirta x Felix Zulhendr.mp4,,36.0,,,,,
191,192,https://www.instagram.com/reel/DCYxVATvxDu/?igsh=bTI4cHhqajE5ZWE5,Video by onetennis.academy.bandung,"atasi kekuranganmu dengan menggunakan teknik slice!!

#tennisbandung #belajartennis #latihantenis #maintennis #solincoindonesia",34.719,236.0,1731663188.0,mp4a.40.5,76.482,44100.0
192,193,https://www.instagram.com/reel/DCrH5IdzQCj/?igsh=aHAwbmN2amJqeXpy,Video by madawaacademy,"Ini dia tehnik dasar basket yang mesti kalian kuasai biar dilapangan makin jago basketnya!!

#basket #lesbasket #latihanbasket #basketgunungsindur #lesbasketbsd #madawabasket #basketbsd #basketball #madawaacademy #akademibasketgunungsindur #akademibasket #sekolahbasket",21.2,24.0,1732278962.0,mp4a.40.5,75.287,44100.0
193,194,https://www.instagram.com/reel/DMzjk18xmcY/?utm_source=ig_web_copy_link,Video by arifinofficial_,"ğŸ† Pelepasan Kontingen Atlet Jakarta Pusat
Ayo semangat para atlet negeri, Hari ini kita melepas 360 atlet terbaik Jakarta Pusat untuk berlaga dalam Pekan Olahraga Pelajar Provinsi (POPPROV) dan Pekan Olahraga Provinsi (PORPROV) DKI Jakarta 2025.

Saya menyampaikan harapan dan doa terbaik untuk seluruh atlet agar bisa menunjukkan performa terbaik, menjunjung sportivitas, dan tentunya membawa kebanggaan bagi Kota Jakarta Pusat.

Berjuanglah dengan semangat, disiplin, dan percaya diriâ€”karena kalian adalah harapan dan inspirasi generasi muda.

Salam olahraga ğŸ’ªğŸ”¥

@pramonoanungw @si.rano @dkijkarta 
@kominfojakpus @sudinpora_jp @disporadkijkt @dkijakarta 
#JakartaPusatBerprestasi #AtletJakartaPusat #POPPROV2025 #PORPROVDKI2025 #salamolahraga",104.4,170.0,1754036776.0,mp4a.40.5,62.177,44100.0
194,195,https://www.instagram.com/reel/DM-JaK4yddh/?utm_source=ig_web_copy_link,Video by superpadel.jkt,"The heated rounds are over, but itâ€™s just the beginning of an even more intense finals weekend. Gather your best players and be the top team of Jenius Super Padel League season 1/2025!

Make sure your lineup is eligible to participate in the finals and arrive on time. Bring your supporters because on 10 Aug weâ€™ll have free snacks and free flow drinks. There will be door prize from the mini games too, open for everyone!Â 

Sponsored by @jeniusconnect @youc1000water @wearetenplus Â 

FOLLOW @superpadel.jkt and INVITE your cheerleading squad this weekend! ğŸ•ºğŸ’ƒ

- 

Kamu kira masuk semifinal udah aman? Keseruan Jenius Super Padel League baru aja dimulai, bro!

Pastiin lineup kamu lulus prasyarat untuk main di finals dan jangan sampai telat. Bawa juga supporters karena di tanggal 10 Agustus bakal ada free snacks dan free flow minuman. Ada door prize juga dari mini games yang boleh dicobain sama siapa aja!

FOLLOW @superpadel.jkt dan jadiin teman-teman kamu penonton bayaran weekend ini! ğŸ•ºğŸ’ƒÂ Â Â Â 

#superpadelapp #superpadeljakarta #jeniussuperpadel #jktpadelleague #superpadel #padellifestyle #jakartasports #padeladdict Â #padelinterclub #smashpadel #padelpro #racquetpadelclub #acepadelclub #padelcartel #padel #jakarta",35.386,31.0,1754392075.0,mp4a.40.5,73.06,44100.0
195,196,https://www.instagram.com/reel/DMUQW-dy0Nm/?utm_source=ig_web_copy_link&igsh=MzRlODBiNWFlZA==,Video by moodjakarta,"Start your Sunday right with a mindful stretch on the mat, then bring that energy to the padel court.

The Sunday MOOD is back â€” this time with @tarratiara guiding you through a yoga session designed to wake up your body, improve your mobility, and prep your game.

Sunday, July 27th at @padelcartelclub 
Yoga & Padel Mexicano IDR 350,000
Yoga only IDR 200,000
*Price exclude tax

Because a good match starts with a better stretch. ğŸ¾ğŸ§˜â€â™€ï¸ Register now at themoodstudios.com",31.2,207.0,1752986387.0,mp4a.40.5,74.288,44100.0
196,197,https://www.instagram.com/reel/DL4bTmcS4r8/?utm_source=ig_web_copy_link&igsh=MzRlODBiNWFlZA==,Video by moodjakarta,"A little movement, a little sweat, and a whole lot of good energy ğŸ’›

The Sunday MOOD kicked off with a refreshing Vinyasa Flow with @fiflow.yoga, followed by a fun padel session to get our hearts pumping at @padelcartelclub ğŸ¾

Big love to @herbana.id for keeping our muscles at ease and to @anggunsculpt for the sculpting demo that left us curious (and lifted ğŸ‘€)

Until the next one!",35.295,84.0,1752052624.0,mp4a.40.5,79.878,44100.0
197,198,https://www.instagram.com/reel/C40lvFkSMlc/?utm_source=ig_web_copy_link&igsh=MzRlODBiNWFlZA==,Video by tenniskuy,"Eh, udah weekend aja nih! ğŸ˜ Berarti waktunya kita nonton tips tenis â€˜Forehand & Backhand Drill' dari coach @raturandang.andrian yang kali ini nggak sendirian, tapi ditemenin sama @innedelia & @kaifareyda ğŸ¾ğŸ˜Š 

Jangan lewatin keseruan video lengkapnya di YouTube channel Tennis Kuy! TV tayang Minggu malam â¡ï¸ LINK IN BIO & YouTube channel Andrian Raturandang

Stay tuned ğŸ‘€ğŸ¥

â€”
#tenniskuy #tennis #andrianraturandang #fun #community #jakarta #indonesia",57.64,-1.0,1711121830.0,mp4a.40.5,97.559,44100.0
198,199,https://www.instagram.com/reel/C16YyX3pXsB/?utm_source=ig_web_copy_link&igsh=MzRlODBiNWFlZA==,Video by andreybanyu,4 macam grip untuk forehand bersama coach andalan kita semua @raturandang.andrian dan @tenniskuy ! Kalian kalau forehand tipe gripnya yang mana nih? Yuk kita main tennis ! | we are team @asicsid ! #tennis #tennislife #tenniscoach #teamasics #tutorial #tenniskuy #andrianraturandang,28.633,1123.0,1704873824.0,mp4a.40.5,97.459,44100.0
199,200,https://www.instagram.com/reel/DAp9h5-tsxa/?igsh=MTk0MDNuNzZxcXBwZQ==,Video by dea.afrizal,"Pengalaman pertama nyoba freestyle drone dari pemula.

mau coba?

thanks to @jayden_meps @mepsking for the great & durable product ğŸ”¥

#fpvdrone #dronelife #racingdrone",92.133,3200.0,1727945072.0,mp4a.40.5,60.894,44100.0
